
=================================================
 QUANT XPERT X INPUT CONFIGURATION
=================================================


             Enter symbols separated by commas
             (default = SCHD,VOO,VOOG,VTI,IONQ,RGTI,MU,PL)

Symbols:

Enter trade capital
(default = 100.0)

Capital:

Choose output mode:
    horizontal
    vertical
    both

(default = both)

View:

=================================================
[MAIN] QUANT XPERT X STARTING
=================================================

Capital: 100.0
View: both

=================================================
[MAIN] HORIZONTAL MULTIINDEX VIEW
=================================================

    market                        ...     intel  decision       
    symbol       price    return  ...        ic     score signal
0  BTCUSDT  63479.2600  0.000000  ...  0.016047  0.043879   HOLD
1  ETHUSDT   1707.5700 -0.001368  ... -0.065547 -0.053505   HOLD
2  XRPUSDT      1.1409  0.000000  ...  0.010298  0.024470   HOLD
3  BCHUSDT    198.1000  0.000000  ... -0.008527 -0.002541   HOLD
4  LTCUSDT     43.9500  0.000000  ... -0.028648 -0.053707   HOLD
5  BNBUSDT    581.3800  0.000000  ... -0.015540  0.002183   HOLD

[6 rows x 32 columns]

=================================================
[MAIN] VERTICAL STACKED VIEW
=================================================

                                        0          1  ...          4          5
market           symbol           BTCUSDT    ETHUSDT  ...    LTCUSDT    BNBUSDT
                 price           63479.26    1707.57  ...      43.95     581.38
                 return               0.0  -0.001368  ...        0.0        0.0
                 volume               0.0     0.0093  ...        0.0        0.0
alpha            ts             -0.000187   -0.00017  ...        0.0        0.0
                 xs              0.000228   -0.00114  ...   0.000228   0.000228
                 pure           -0.000187   -0.00017  ...        0.0        0.0
                 beta            0.591084   0.671974  ...   0.893337   0.574329
                 residual             0.0       -0.0  ...        0.0        0.0
risk             volatility      0.000315    0.00048  ...        0.0   0.000054
                 sharpe          0.031315   0.016613  ...  -0.020751    0.01934
                 drawdown       -0.004361  -0.005718  ...  -0.005656  -0.002505
                 cvar           -0.000872  -0.001146  ...  -0.001362  -0.000885
                 decorrelation   3.177545   3.177545  ...   3.177545   3.177545
                 wiggle         -0.021074  -0.021074  ...  -0.021074  -0.021074
transform        rank               247.5        6.0  ...      249.5      251.5
                 zscore         -0.031284  -2.771321  ...    0.02073  -0.019321
                 winsor               0.0  -0.000757  ...        0.0        0.0
                 tanh                 0.0  -0.001368  ...        0.0        0.0
                 detrend         0.000187  -0.001199  ...        0.0        0.0
portfolio        weight               1.0        1.0  ...       -1.0        1.0
                 risk_parity          1.0        1.0  ...        1.0        1.0
                 kelly          77.674373  33.474475  ... -40.028984  46.674475
                 entropy             -0.0       -0.0  ...       -0.0       -0.0
market_structure regime          HIGH_VOL   HIGH_VOL  ...   HIGH_VOL   HIGH_VOL
                 liq_adj_vol     0.006696   0.002165  ...   0.000821   0.002379
execution        slippage        0.000002   0.000002  ...   0.000002   0.000002
                 impact            0.0001     0.0001  ...     0.0001     0.0001
                 turnover            0.01       0.01  ...       0.01       0.01
intel            ic              0.016047  -0.065547  ...  -0.028648   -0.01554
decision         score           0.043879  -0.053505  ...  -0.053707   0.002183
                 signal              HOLD       HOLD  ...       HOLD       HOLD

[32 rows x 6 columns]

=================================================
[MAIN] SIGNAL SUMMARY
=================================================

0    HOLD
1    HOLD
2    HOLD
3    HOLD
4    HOLD
5    HOLD
Name: (decision, signal), dtype: str

=================================================
[MAIN] ANALYSIS COMPLETE
=================================================

[DATA] Loaded BTCUSDT (1461 rows)
[DATA] Loaded ETHUSDT (1461 rows)
[DATA] Loaded SOLUSDT (1461 rows)
[DATA] Loaded BNBUSDT (1461 rows)
[DATA] Loaded XRPUSDT (1461 rows)
[DATA] Loaded DOGEUSDT (1461 rows)
[DATA] Loaded AAPL (1003 rows)
[DATA] Loaded MSFT (1003 rows)
[DATA] Loaded NVDA (1003 rows)
[DATA] Loaded AMD (1003 rows)
[DATA] Loaded SPY (1004 rows)
[DATA] Loaded QQQ (1004 rows)
[DATA] Loaded IWM (1004 rows)
[DATA] Loaded TLT (1004 rows)
[DATA] Loaded GLD (1004 rows)
[DATA] Loaded SCHD (1003 rows)
[DATA] Loaded VOO (1003 rows)
[DATA] Loaded VOOG (1003 rows)
[DATA] Loaded VTI (1003 rows)
[DATA] Loaded IONQ (1003 rows)
[DATA] Loaded RGTI (1003 rows)
[DATA] Loaded MU (1003 rows)
[DATA] Loaded PL (1003 rows)
[DATA] Assets: ['BTCUSDT', 'ETHUSDT', 'SOLUSDT', 'BNBUSDT', 'XRPUSDT', 'DOGEUSDT', 'AAPL', 'MSFT', 'NVDA', 'AMD', 'SPY', 'QQQ', 'IWM', 'TLT', 'GLD', 'SCHD', 'VOO', 'VOOG', 'VTI', 'IONQ', 'RGTI', 'MU', 'PL']
[BASE] structured data                                          BTCUSDT        ETHUSDT       SOLUSDT       BNBUSDT       XRPUSDT     DOGEUSDT        AAPL        MSFT         NVDA         AMD         SPY         QQQ         IWM         TLT         GLD        SCHD         VOO       VOOG        VTI        IONQ        RGTI          MU          PL
category         metric                                                                                                                                                                                                                                                                                                         
market           symbol                 BTCUSDT        ETHUSDT       SOLUSDT       BNBUSDT       XRPUSDT     DOGEUSDT        AAPL        MSFT         NVDA         AMD         SPY         QQQ         IWM         TLT         GLD        SCHD         VOO       VOOG        VTI        IONQ        RGTI          MU          PL
                 price             62976.039062    1667.800049     65.839996    599.280029        1.1464      0.08538   298.01001  379.399994   210.690002  537.369995  737.549988  705.059998  281.649994   85.059998   396.23999   31.860001  688.109985       83.0  369.98999   56.549999   21.360001  1133.98999       28.23
                 return                0.034643       0.063127      0.058694      0.043114      0.048417     0.043089         NaN         NaN          NaN         NaN         NaN         NaN         NaN         NaN         NaN         NaN         NaN        NaN        NaN         NaN         NaN         NaN         NaN
                 volume           36867452928.0  16427742208.0  2736840704.0  1316931712.0  2173545728.0  842015808.0  85921000.0  59649300.0  240892100.0  43743300.0  93678100.0  99178800.0  35692400.0  26447100.0  11451900.0  21148800.0  17734700.0  1145100.0  3408100.0  20240900.0  35679100.0  64149400.0  17206800.0
alpha            ts                   -0.014986      -0.017395     -0.020892      -0.00493     -0.012989    -0.014378         NaN         NaN          NaN         NaN         NaN         NaN         NaN         NaN         NaN         NaN         NaN        NaN        NaN         NaN         NaN         NaN         NaN
                 xs                         NaN            NaN           NaN           NaN           NaN          NaN         NaN         NaN          NaN         NaN         NaN         NaN         NaN         NaN         NaN         NaN         NaN        NaN        NaN         NaN         NaN         NaN         NaN
                 pure                       NaN            NaN           NaN           NaN           NaN          NaN         NaN         NaN          NaN         NaN         NaN         NaN         NaN         NaN         NaN         NaN         NaN        NaN        NaN         NaN         NaN         NaN         NaN
                 beta                       1.0            1.0           1.0           1.0           1.0          1.0         1.0         1.0          1.0         1.0         1.0         1.0         1.0         1.0         1.0         1.0         1.0        1.0        1.0         1.0         1.0         1.0         1.0
                 residual              0.033802       0.062534       0.05716      0.042204      0.046794     0.041932         NaN         NaN          NaN         NaN         NaN         NaN         NaN         NaN         NaN         NaN         NaN        NaN        NaN         NaN         NaN         NaN         NaN
                 tstat_iid            32.000813      38.331666     29.964231     27.772485     26.277601    32.592084   14.138746   14.846945    19.901342   21.583758    5.417001    5.284185    4.761278    2.390606    2.762025   13.542227   24.631783  25.628849  25.129612   23.456396   23.132299   18.515066   16.804015
                 tstat_hac            32.000813      38.331666     29.964231     27.772485     26.277601    32.592084   14.138746   14.846945    19.901342   21.583758    5.417001    5.284185    4.761278    2.390606    2.762025   13.542227   24.631783  25.628849  25.129612   23.456396   23.132299   18.515066   16.804015
                 tstat_neweywest      23.329158      27.806917     21.277932     21.623876      16.94187    23.961925    7.128291   10.807068    15.089069   15.378506    3.945782    3.964801    3.984601    2.174299    2.719196    7.612496   11.951243  12.824499  11.656197   16.259813   14.036497   13.606195    12.69889
                 r-squared             0.412583       0.501933      0.381116      0.345986      0.321391     0.421485     0.16622    0.180206     0.283053    0.317081    0.028421    0.027082      0.0221    0.005665    0.007548    0.154618    0.376754   0.395536   0.386183    0.354113    0.347783    0.254709    0.219694
                 coefficient           0.778927       1.189346      1.393247      0.785936      1.172685     1.444711    0.472854    0.481277     1.147349    1.348146     0.12155    0.153638    0.141831    0.050477    0.070742    0.242109    0.427191   0.548804   0.447619    2.552233    3.571212    1.206113    1.669931
risk             volatility            0.025972       0.035954      0.048335      0.028617      0.044303      0.04766     0.01701    0.016628      0.03163    0.035114    0.010598    0.013723    0.014024    0.009858    0.011969    0.009031    0.010208   0.012798   0.010564    0.062904    0.088816    0.035051    0.052254
                 sharpe                0.513694       0.262013      0.503877       0.50459      0.581639      0.38566    0.865777     0.51508     1.523057    1.113564    0.954323    1.066907    0.568077   -0.390358    1.200801      0.5694     1.14709   1.128572   1.097825    1.090253    0.941136    1.631043    0.924742
                 drawdown             -0.512095      -0.675294     -0.792369     -0.563349     -0.692483    -0.825892   -0.334337   -0.341838    -0.415717   -0.630003   -0.189989   -0.228833   -0.278795    -0.31048   -0.200968   -0.176431   -0.189703  -0.222967  -0.195863   -0.676087   -0.933862   -0.578234   -0.765603
                 cvar                 -0.058369      -0.081745     -0.099231     -0.065977     -0.082007    -0.100137   -0.037534   -0.036442    -0.064415   -0.072297   -0.023569    -0.03052    -0.02972   -0.021555    -0.02752   -0.019827   -0.022224  -0.028305  -0.022933   -0.109829   -0.151497   -0.070303   -0.099101
                 decorrelation         0.771169       0.771169      0.771169      0.771169      0.771169     0.771169    0.771169    0.771169     0.771169    0.771169    0.771169    0.771169    0.771169    0.771169    0.771169    0.771169    0.771169   0.771169   0.771169    0.771169    0.771169    0.771169    0.771169
                 wiggle                0.029453       0.029453      0.029453      0.029453      0.029453     0.029453    0.029453    0.029453     0.029453    0.029453    0.029453    0.029453    0.029453    0.029453    0.029453    0.029453    0.029453   0.029453   0.029453    0.029453    0.029453    0.029453    0.029453
transform        rank                    1343.0         1394.0        1326.0        1375.0        1347.0       1265.0         NaN         NaN          NaN         NaN         NaN         NaN         NaN         NaN         NaN         NaN         NaN        NaN        NaN         NaN         NaN         NaN         NaN
                 zscore                1.301496       1.739268      1.182577      1.474793       1.05623     0.879805         NaN         NaN          NaN         NaN         NaN         NaN         NaN         NaN         NaN         NaN         NaN        NaN        NaN         NaN         NaN         NaN         NaN
                 winsor                0.034643       0.060951      0.058694      0.043114      0.048417     0.043089         NaN         NaN          NaN         NaN         NaN         NaN         NaN         NaN         NaN         NaN         NaN        NaN        NaN         NaN         NaN         NaN         NaN
                 tanh                  0.034629       0.063044      0.058627      0.043087      0.048379     0.043063         NaN         NaN          NaN         NaN         NaN         NaN         NaN         NaN         NaN         NaN         NaN        NaN        NaN         NaN         NaN         NaN         NaN
                 detrend               0.044359       0.074679      0.071053      0.045982      0.057658     0.052796         NaN         NaN          NaN         NaN         NaN         NaN         NaN         NaN         NaN         NaN         NaN        NaN        NaN         NaN         NaN         NaN         NaN
portfolio        weight                0.043478       0.043478      0.043478      0.043478      0.043478     0.043478    0.043478    0.043478     0.043478    0.043478    0.043478    0.043478    0.043478    0.043478    0.043478    0.043478    0.043478   0.043478   0.043478    0.043478    0.043478    0.043478    0.043478
                 risk_parity           0.031448       0.022717      0.016898      0.028541      0.018436     0.017137    0.048015    0.049119     0.025823     0.02326    0.077064    0.059515    0.058239    0.082852    0.068237    0.090444    0.080014   0.063817   0.077312    0.012984    0.009196    0.023302     0.01563
                 kelly                 1.245942       0.459063      0.656689      1.110749      0.827035      0.50974    3.206178    1.951333     3.033352    1.997705    5.672175    4.897332    2.551674   -2.494415    6.319698     3.97191    7.078949   5.554836   6.546151    1.091809    0.667512    2.931352    1.114808
                 entropy               3.135494       3.135494      3.135494      3.135494      3.135494     3.135494    3.135494    3.135494     3.135494    3.135494    3.135494    3.135494    3.135494    3.135494    3.135494    3.135494    3.135494   3.135494   3.135494    3.135494    3.135494    3.135494    3.135494
market_structure regime                HIGH_VOL       HIGH_VOL      HIGH_VOL      HIGH_VOL      HIGH_VOL     HIGH_VOL    HIGH_VOL    HIGH_VOL     HIGH_VOL    HIGH_VOL    HIGH_VOL    HIGH_VOL    HIGH_VOL    HIGH_VOL    HIGH_VOL    HIGH_VOL    HIGH_VOL   HIGH_VOL   HIGH_VOL    HIGH_VOL    HIGH_VOL    HIGH_VOL    HIGH_VOL
                 liq_adj_vol           0.029262       0.029262      0.029262      0.029262      0.029262     0.029262    0.029262    0.029262     0.029262    0.029262    0.029262    0.029262    0.029262    0.029262    0.029262    0.029262    0.029262   0.029262   0.029262    0.029262    0.029262    0.029262    0.029262
execution        slippage              0.029262       0.029262      0.029262      0.029262      0.029262     0.029262    0.029262    0.029262     0.029262    0.029262    0.029262    0.029262    0.029262    0.029262    0.029262    0.029262    0.029262   0.029262   0.029262    0.029262    0.029262    0.029262    0.029262
                 impact                0.208514       0.208514      0.208514      0.208514      0.208514     0.208514    0.208514    0.208514     0.208514    0.208514    0.208514    0.208514    0.208514    0.208514    0.208514    0.208514    0.208514   0.208514   0.208514    0.208514    0.208514    0.208514    0.208514
                 turnover                   0.0            0.0           0.0           0.0           0.0          0.0         0.0         0.0          0.0         0.0         0.0         0.0         0.0         0.0         0.0         0.0         0.0        0.0        0.0         0.0         0.0         0.0         0.0
intel            ic                   -0.028246      -0.025645     -0.003142     -0.022742     -0.054465     0.017235    0.017792     0.03905    -0.038095   -0.010364   -0.027242   -0.015587   -0.015642   -0.049431    -0.02184   -0.009989   -0.022273  -0.022978  -0.032867    -0.00046    0.005972    0.002727   -0.028477
decision         score                      NaN            NaN           NaN           NaN           NaN          NaN         NaN         NaN          NaN         NaN         NaN         NaN         NaN         NaN         NaN         NaN         NaN        NaN        NaN         NaN         NaN         NaN         NaN
                 signal                    SELL           SELL          SELL          SELL          SELL         SELL        SELL        SELL         SELL        SELL        SELL        SELL        SELL        SELL        SELL        SELL        SELL       SELL       SELL        SELL        SELL        SELL        SELL
[QuantX] IntradayStrategy OK
[BASE] structured data                                          BTCUSDT        ETHUSDT       SOLUSDT       BNBUSDT       XRPUSDT     DOGEUSDT        AAPL        MSFT         NVDA         AMD         SPY         QQQ         IWM         TLT         GLD        SCHD         VOO       VOOG        VTI        IONQ        RGTI          MU          PL
category         metric                                                                                                                                                                                                                                                                                                         
market           symbol                 BTCUSDT        ETHUSDT       SOLUSDT       BNBUSDT       XRPUSDT     DOGEUSDT        AAPL        MSFT         NVDA         AMD         SPY         QQQ         IWM         TLT         GLD        SCHD         VOO       VOOG        VTI        IONQ        RGTI          MU          PL
                 price             62976.039062    1667.800049     65.839996    599.280029        1.1464      0.08538   298.01001  379.399994   210.690002  537.369995  737.549988  705.059998  281.649994   85.059998   396.23999   31.860001  688.109985       83.0  369.98999   56.549999   21.360001  1133.98999       28.23
                 return                0.034643       0.063127      0.058694      0.043114      0.048417     0.043089         NaN         NaN          NaN         NaN         NaN         NaN         NaN         NaN         NaN         NaN         NaN        NaN        NaN         NaN         NaN         NaN         NaN
                 volume           36867452928.0  16427742208.0  2736840704.0  1316931712.0  2173545728.0  842015808.0  85921000.0  59649300.0  240892100.0  43743300.0  93678100.0  99178800.0  35692400.0  26447100.0  11451900.0  21148800.0  17734700.0  1145100.0  3408100.0  20240900.0  35679100.0  64149400.0  17206800.0
alpha            ts                   -0.014986      -0.017395     -0.020892      -0.00493     -0.012989    -0.014378         NaN         NaN          NaN         NaN         NaN         NaN         NaN         NaN         NaN         NaN         NaN        NaN        NaN         NaN         NaN         NaN         NaN
                 xs                         NaN            NaN           NaN           NaN           NaN          NaN         NaN         NaN          NaN         NaN         NaN         NaN         NaN         NaN         NaN         NaN         NaN        NaN        NaN         NaN         NaN         NaN         NaN
                 pure                       NaN            NaN           NaN           NaN           NaN          NaN         NaN         NaN          NaN         NaN         NaN         NaN         NaN         NaN         NaN         NaN         NaN        NaN        NaN         NaN         NaN         NaN         NaN
                 beta                       1.0            1.0           1.0           1.0           1.0          1.0         1.0         1.0          1.0         1.0         1.0         1.0         1.0         1.0         1.0         1.0         1.0        1.0        1.0         1.0         1.0         1.0         1.0
                 residual              0.033802       0.062534       0.05716      0.042204      0.046794     0.041932         NaN         NaN          NaN         NaN         NaN         NaN         NaN         NaN         NaN         NaN         NaN        NaN        NaN         NaN         NaN         NaN         NaN
                 tstat_iid            32.000813      38.331666     29.964231     27.772485     26.277601    32.592084   14.138746   14.846945    19.901342   21.583758    5.417001    5.284185    4.761278    2.390606    2.762025   13.542227   24.631783  25.628849  25.129612   23.456396   23.132299   18.515066   16.804015
                 tstat_hac            32.000813      38.331666     29.964231     27.772485     26.277601    32.592084   14.138746   14.846945    19.901342   21.583758    5.417001    5.284185    4.761278    2.390606    2.762025   13.542227   24.631783  25.628849  25.129612   23.456396   23.132299   18.515066   16.804015
                 tstat_neweywest      23.329158      27.806917     21.277932     21.623876      16.94187    23.961925    7.128291   10.807068    15.089069   15.378506    3.945782    3.964801    3.984601    2.174299    2.719196    7.612496   11.951243  12.824499  11.656197   16.259813   14.036497   13.606195    12.69889
                 r-squared             0.412583       0.501933      0.381116      0.345986      0.321391     0.421485     0.16622    0.180206     0.283053    0.317081    0.028421    0.027082      0.0221    0.005665    0.007548    0.154618    0.376754   0.395536   0.386183    0.354113    0.347783    0.254709    0.219694
                 coefficient           0.778927       1.189346      1.393247      0.785936      1.172685     1.444711    0.472854    0.481277     1.147349    1.348146     0.12155    0.153638    0.141831    0.050477    0.070742    0.242109    0.427191   0.548804   0.447619    2.552233    3.571212    1.206113    1.669931
risk             volatility            0.025972       0.035954      0.048335      0.028617      0.044303      0.04766     0.01701    0.016628      0.03163    0.035114    0.010598    0.013723    0.014024    0.009858    0.011969    0.009031    0.010208   0.012798   0.010564    0.062904    0.088816    0.035051    0.052254
                 sharpe                0.513694       0.262013      0.503877       0.50459      0.581639      0.38566    0.865777     0.51508     1.523057    1.113564    0.954323    1.066907    0.568077   -0.390358    1.200801      0.5694     1.14709   1.128572   1.097825    1.090253    0.941136    1.631043    0.924742
                 drawdown             -0.512095      -0.675294     -0.792369     -0.563349     -0.692483    -0.825892   -0.334337   -0.341838    -0.415717   -0.630003   -0.189989   -0.228833   -0.278795    -0.31048   -0.200968   -0.176431   -0.189703  -0.222967  -0.195863   -0.676087   -0.933862   -0.578234   -0.765603
                 cvar                 -0.058369      -0.081745     -0.099231     -0.065977     -0.082007    -0.100137   -0.037534   -0.036442    -0.064415   -0.072297   -0.023569    -0.03052    -0.02972   -0.021555    -0.02752   -0.019827   -0.022224  -0.028305  -0.022933   -0.109829   -0.151497   -0.070303   -0.099101
                 decorrelation         0.771169       0.771169      0.771169      0.771169      0.771169     0.771169    0.771169    0.771169     0.771169    0.771169    0.771169    0.771169    0.771169    0.771169    0.771169    0.771169    0.771169   0.771169   0.771169    0.771169    0.771169    0.771169    0.771169
                 wiggle                0.029453       0.029453      0.029453      0.029453      0.029453     0.029453    0.029453    0.029453     0.029453    0.029453    0.029453    0.029453    0.029453    0.029453    0.029453    0.029453    0.029453   0.029453   0.029453    0.029453    0.029453    0.029453    0.029453
transform        rank                    1343.0         1394.0        1326.0        1375.0        1347.0       1265.0         NaN         NaN          NaN         NaN         NaN         NaN         NaN         NaN         NaN         NaN         NaN        NaN        NaN         NaN         NaN         NaN         NaN
                 zscore                1.301496       1.739268      1.182577      1.474793       1.05623     0.879805         NaN         NaN          NaN         NaN         NaN         NaN         NaN         NaN         NaN         NaN         NaN        NaN        NaN         NaN         NaN         NaN         NaN
                 winsor                0.034643       0.060951      0.058694      0.043114      0.048417     0.043089         NaN         NaN          NaN         NaN         NaN         NaN         NaN         NaN         NaN         NaN         NaN        NaN        NaN         NaN         NaN         NaN         NaN
                 tanh                  0.034629       0.063044      0.058627      0.043087      0.048379     0.043063         NaN         NaN          NaN         NaN         NaN         NaN         NaN         NaN         NaN         NaN         NaN        NaN        NaN         NaN         NaN         NaN         NaN
                 detrend               0.044359       0.074679      0.071053      0.045982      0.057658     0.052796         NaN         NaN          NaN         NaN         NaN         NaN         NaN         NaN         NaN         NaN         NaN        NaN        NaN         NaN         NaN         NaN         NaN
portfolio        weight                0.043478       0.043478      0.043478      0.043478      0.043478     0.043478    0.043478    0.043478     0.043478    0.043478    0.043478    0.043478    0.043478    0.043478    0.043478    0.043478    0.043478   0.043478   0.043478    0.043478    0.043478    0.043478    0.043478
                 risk_parity           0.031448       0.022717      0.016898      0.028541      0.018436     0.017137    0.048015    0.049119     0.025823     0.02326    0.077064    0.059515    0.058239    0.082852    0.068237    0.090444    0.080014   0.063817   0.077312    0.012984    0.009196    0.023302     0.01563
                 kelly                 1.245942       0.459063      0.656689      1.110749      0.827035      0.50974    3.206178    1.951333     3.033352    1.997705    5.672175    4.897332    2.551674   -2.494415    6.319698     3.97191    7.078949   5.554836   6.546151    1.091809    0.667512    2.931352    1.114808
                 entropy               3.135494       3.135494      3.135494      3.135494      3.135494     3.135494    3.135494    3.135494     3.135494    3.135494    3.135494    3.135494    3.135494    3.135494    3.135494    3.135494    3.135494   3.135494   3.135494    3.135494    3.135494    3.135494    3.135494
market_structure regime                HIGH_VOL       HIGH_VOL      HIGH_VOL      HIGH_VOL      HIGH_VOL     HIGH_VOL    HIGH_VOL    HIGH_VOL     HIGH_VOL    HIGH_VOL    HIGH_VOL    HIGH_VOL    HIGH_VOL    HIGH_VOL    HIGH_VOL    HIGH_VOL    HIGH_VOL   HIGH_VOL   HIGH_VOL    HIGH_VOL    HIGH_VOL    HIGH_VOL    HIGH_VOL
                 liq_adj_vol           0.029262       0.029262      0.029262      0.029262      0.029262     0.029262    0.029262    0.029262     0.029262    0.029262    0.029262    0.029262    0.029262    0.029262    0.029262    0.029262    0.029262   0.029262   0.029262    0.029262    0.029262    0.029262    0.029262
execution        slippage              0.029262       0.029262      0.029262      0.029262      0.029262     0.029262    0.029262    0.029262     0.029262    0.029262    0.029262    0.029262    0.029262    0.029262    0.029262    0.029262    0.029262   0.029262   0.029262    0.029262    0.029262    0.029262    0.029262
                 impact                0.208514       0.208514      0.208514      0.208514      0.208514     0.208514    0.208514    0.208514     0.208514    0.208514    0.208514    0.208514    0.208514    0.208514    0.208514    0.208514    0.208514   0.208514   0.208514    0.208514    0.208514    0.208514    0.208514
                 turnover                   0.0            0.0           0.0           0.0           0.0          0.0         0.0         0.0          0.0         0.0         0.0         0.0         0.0         0.0         0.0         0.0         0.0        0.0        0.0         0.0         0.0         0.0         0.0
intel            ic                   -0.028246      -0.025645     -0.003142     -0.022742     -0.054465     0.017235    0.017792     0.03905    -0.038095   -0.010364   -0.027242   -0.015587   -0.015642   -0.049431    -0.02184   -0.009989   -0.022273  -0.022978  -0.032867    -0.00046    0.005972    0.002727   -0.028477
decision         score                      NaN            NaN           NaN           NaN           NaN          NaN         NaN         NaN          NaN         NaN         NaN         NaN         NaN         NaN         NaN         NaN         NaN        NaN        NaN         NaN         NaN         NaN         NaN
                 signal                    SELL           SELL          SELL          SELL          SELL         SELL        SELL        SELL         SELL        SELL        SELL        SELL        SELL        SELL        SELL        SELL        SELL       SELL       SELL        SELL        SELL        SELL        SELL
[QuantX] AlphaStrategy OK
[BASE] structured data                                          BTCUSDT        ETHUSDT       SOLUSDT       BNBUSDT       XRPUSDT     DOGEUSDT        AAPL        MSFT         NVDA         AMD         SPY         QQQ         IWM         TLT         GLD        SCHD         VOO       VOOG        VTI        IONQ        RGTI          MU          PL
category         metric                                                                                                                                                                                                                                                                                                         
market           symbol                 BTCUSDT        ETHUSDT       SOLUSDT       BNBUSDT       XRPUSDT     DOGEUSDT        AAPL        MSFT         NVDA         AMD         SPY         QQQ         IWM         TLT         GLD        SCHD         VOO       VOOG        VTI        IONQ        RGTI          MU          PL
                 price             62976.039062    1667.800049     65.839996    599.280029        1.1464      0.08538   298.01001  379.399994   210.690002  537.369995  737.549988  705.059998  281.649994   85.059998   396.23999   31.860001  688.109985       83.0  369.98999   56.549999   21.360001  1133.98999       28.23
                 return                0.034643       0.063127      0.058694      0.043114      0.048417     0.043089         NaN         NaN          NaN         NaN         NaN         NaN         NaN         NaN         NaN         NaN         NaN        NaN        NaN         NaN         NaN         NaN         NaN
                 volume           36867452928.0  16427742208.0  2736840704.0  1316931712.0  2173545728.0  842015808.0  85921000.0  59649300.0  240892100.0  43743300.0  93678100.0  99178800.0  35692400.0  26447100.0  11451900.0  21148800.0  17734700.0  1145100.0  3408100.0  20240900.0  35679100.0  64149400.0  17206800.0
alpha            ts                   -0.014986      -0.017395     -0.020892      -0.00493     -0.012989    -0.014378         NaN         NaN          NaN         NaN         NaN         NaN         NaN         NaN         NaN         NaN         NaN        NaN        NaN         NaN         NaN         NaN         NaN
                 xs                         NaN            NaN           NaN           NaN           NaN          NaN         NaN         NaN          NaN         NaN         NaN         NaN         NaN         NaN         NaN         NaN         NaN        NaN        NaN         NaN         NaN         NaN         NaN
                 pure                       NaN            NaN           NaN           NaN           NaN          NaN         NaN         NaN          NaN         NaN         NaN         NaN         NaN         NaN         NaN         NaN         NaN        NaN        NaN         NaN         NaN         NaN         NaN
                 beta                       1.0            1.0           1.0           1.0           1.0          1.0         1.0         1.0          1.0         1.0         1.0         1.0         1.0         1.0         1.0         1.0         1.0        1.0        1.0         1.0         1.0         1.0         1.0
                 residual              0.033802       0.062534       0.05716      0.042204      0.046794     0.041932         NaN         NaN          NaN         NaN         NaN         NaN         NaN         NaN         NaN         NaN         NaN        NaN        NaN         NaN         NaN         NaN         NaN
                 tstat_iid            32.000813      38.331666     29.964231     27.772485     26.277601    32.592084   14.138746   14.846945    19.901342   21.583758    5.417001    5.284185    4.761278    2.390606    2.762025   13.542227   24.631783  25.628849  25.129612   23.456396   23.132299   18.515066   16.804015
                 tstat_hac            32.000813      38.331666     29.964231     27.772485     26.277601    32.592084   14.138746   14.846945    19.901342   21.583758    5.417001    5.284185    4.761278    2.390606    2.762025   13.542227   24.631783  25.628849  25.129612   23.456396   23.132299   18.515066   16.804015
                 tstat_neweywest      23.329158      27.806917     21.277932     21.623876      16.94187    23.961925    7.128291   10.807068    15.089069   15.378506    3.945782    3.964801    3.984601    2.174299    2.719196    7.612496   11.951243  12.824499  11.656197   16.259813   14.036497   13.606195    12.69889
                 r-squared             0.412583       0.501933      0.381116      0.345986      0.321391     0.421485     0.16622    0.180206     0.283053    0.317081    0.028421    0.027082      0.0221    0.005665    0.007548    0.154618    0.376754   0.395536   0.386183    0.354113    0.347783    0.254709    0.219694
                 coefficient           0.778927       1.189346      1.393247      0.785936      1.172685     1.444711    0.472854    0.481277     1.147349    1.348146     0.12155    0.153638    0.141831    0.050477    0.070742    0.242109    0.427191   0.548804   0.447619    2.552233    3.571212    1.206113    1.669931
risk             volatility            0.025972       0.035954      0.048335      0.028617      0.044303      0.04766     0.01701    0.016628      0.03163    0.035114    0.010598    0.013723    0.014024    0.009858    0.011969    0.009031    0.010208   0.012798   0.010564    0.062904    0.088816    0.035051    0.052254
                 sharpe                0.513694       0.262013      0.503877       0.50459      0.581639      0.38566    0.865777     0.51508     1.523057    1.113564    0.954323    1.066907    0.568077   -0.390358    1.200801      0.5694     1.14709   1.128572   1.097825    1.090253    0.941136    1.631043    0.924742
                 drawdown             -0.512095      -0.675294     -0.792369     -0.563349     -0.692483    -0.825892   -0.334337   -0.341838    -0.415717   -0.630003   -0.189989   -0.228833   -0.278795    -0.31048   -0.200968   -0.176431   -0.189703  -0.222967  -0.195863   -0.676087   -0.933862   -0.578234   -0.765603
                 cvar                 -0.058369      -0.081745     -0.099231     -0.065977     -0.082007    -0.100137   -0.037534   -0.036442    -0.064415   -0.072297   -0.023569    -0.03052    -0.02972   -0.021555    -0.02752   -0.019827   -0.022224  -0.028305  -0.022933   -0.109829   -0.151497   -0.070303   -0.099101
                 decorrelation         0.771169       0.771169      0.771169      0.771169      0.771169     0.771169    0.771169    0.771169     0.771169    0.771169    0.771169    0.771169    0.771169    0.771169    0.771169    0.771169    0.771169   0.771169   0.771169    0.771169    0.771169    0.771169    0.771169
                 wiggle                0.029453       0.029453      0.029453      0.029453      0.029453     0.029453    0.029453    0.029453     0.029453    0.029453    0.029453    0.029453    0.029453    0.029453    0.029453    0.029453    0.029453   0.029453   0.029453    0.029453    0.029453    0.029453    0.029453
transform        rank                    1343.0         1394.0        1326.0        1375.0        1347.0       1265.0         NaN         NaN          NaN         NaN         NaN         NaN         NaN         NaN         NaN         NaN         NaN        NaN        NaN         NaN         NaN         NaN         NaN
                 zscore                1.301496       1.739268      1.182577      1.474793       1.05623     0.879805         NaN         NaN          NaN         NaN         NaN         NaN         NaN         NaN         NaN         NaN         NaN        NaN        NaN         NaN         NaN         NaN         NaN
                 winsor                0.034643       0.060951      0.058694      0.043114      0.048417     0.043089         NaN         NaN          NaN         NaN         NaN         NaN         NaN         NaN         NaN         NaN         NaN        NaN        NaN         NaN         NaN         NaN         NaN
                 tanh                  0.034629       0.063044      0.058627      0.043087      0.048379     0.043063         NaN         NaN          NaN         NaN         NaN         NaN         NaN         NaN         NaN         NaN         NaN        NaN        NaN         NaN         NaN         NaN         NaN
                 detrend               0.044359       0.074679      0.071053      0.045982      0.057658     0.052796         NaN         NaN          NaN         NaN         NaN         NaN         NaN         NaN         NaN         NaN         NaN        NaN        NaN         NaN         NaN         NaN         NaN
portfolio        weight                0.043478       0.043478      0.043478      0.043478      0.043478     0.043478    0.043478    0.043478     0.043478    0.043478    0.043478    0.043478    0.043478    0.043478    0.043478    0.043478    0.043478   0.043478   0.043478    0.043478    0.043478    0.043478    0.043478
                 risk_parity           0.031448       0.022717      0.016898      0.028541      0.018436     0.017137    0.048015    0.049119     0.025823     0.02326    0.077064    0.059515    0.058239    0.082852    0.068237    0.090444    0.080014   0.063817   0.077312    0.012984    0.009196    0.023302     0.01563
                 kelly                 1.245942       0.459063      0.656689      1.110749      0.827035      0.50974    3.206178    1.951333     3.033352    1.997705    5.672175    4.897332    2.551674   -2.494415    6.319698     3.97191    7.078949   5.554836   6.546151    1.091809    0.667512    2.931352    1.114808
                 entropy               3.135494       3.135494      3.135494      3.135494      3.135494     3.135494    3.135494    3.135494     3.135494    3.135494    3.135494    3.135494    3.135494    3.135494    3.135494    3.135494    3.135494   3.135494   3.135494    3.135494    3.135494    3.135494    3.135494
market_structure regime                HIGH_VOL       HIGH_VOL      HIGH_VOL      HIGH_VOL      HIGH_VOL     HIGH_VOL    HIGH_VOL    HIGH_VOL     HIGH_VOL    HIGH_VOL    HIGH_VOL    HIGH_VOL    HIGH_VOL    HIGH_VOL    HIGH_VOL    HIGH_VOL    HIGH_VOL   HIGH_VOL   HIGH_VOL    HIGH_VOL    HIGH_VOL    HIGH_VOL    HIGH_VOL
                 liq_adj_vol           0.029262       0.029262      0.029262      0.029262      0.029262     0.029262    0.029262    0.029262     0.029262    0.029262    0.029262    0.029262    0.029262    0.029262    0.029262    0.029262    0.029262   0.029262   0.029262    0.029262    0.029262    0.029262    0.029262
execution        slippage              0.029262       0.029262      0.029262      0.029262      0.029262     0.029262    0.029262    0.029262     0.029262    0.029262    0.029262    0.029262    0.029262    0.029262    0.029262    0.029262    0.029262   0.029262   0.029262    0.029262    0.029262    0.029262    0.029262
                 impact                0.208514       0.208514      0.208514      0.208514      0.208514     0.208514    0.208514    0.208514     0.208514    0.208514    0.208514    0.208514    0.208514    0.208514    0.208514    0.208514    0.208514   0.208514   0.208514    0.208514    0.208514    0.208514    0.208514
                 turnover                   0.0            0.0           0.0           0.0           0.0          0.0         0.0         0.0          0.0         0.0         0.0         0.0         0.0         0.0         0.0         0.0         0.0        0.0        0.0         0.0         0.0         0.0         0.0
intel            ic                   -0.028246      -0.025645     -0.003142     -0.022742     -0.054465     0.017235    0.017792     0.03905    -0.038095   -0.010364   -0.027242   -0.015587   -0.015642   -0.049431    -0.02184   -0.009989   -0.022273  -0.022978  -0.032867    -0.00046    0.005972    0.002727   -0.028477
decision         score                      NaN            NaN           NaN           NaN           NaN          NaN         NaN         NaN          NaN         NaN         NaN         NaN         NaN         NaN         NaN         NaN         NaN        NaN        NaN         NaN         NaN         NaN         NaN
                 signal                    SELL           SELL          SELL          SELL          SELL         SELL        SELL        SELL         SELL        SELL        SELL        SELL        SELL        SELL        SELL        SELL        SELL       SELL       SELL        SELL        SELL        SELL        SELL
[QuantX] BetaNeutralStrategy OK
[BASE] structured data                                          BTCUSDT        ETHUSDT       SOLUSDT       BNBUSDT       XRPUSDT     DOGEUSDT        AAPL        MSFT         NVDA         AMD         SPY         QQQ         IWM         TLT         GLD        SCHD         VOO       VOOG        VTI        IONQ        RGTI          MU          PL
category         metric                                                                                                                                                                                                                                                                                                         
market           symbol                 BTCUSDT        ETHUSDT       SOLUSDT       BNBUSDT       XRPUSDT     DOGEUSDT        AAPL        MSFT         NVDA         AMD         SPY         QQQ         IWM         TLT         GLD        SCHD         VOO       VOOG        VTI        IONQ        RGTI          MU          PL
                 price             62976.039062    1667.800049     65.839996    599.280029        1.1464      0.08538   298.01001  379.399994   210.690002  537.369995  737.549988  705.059998  281.649994   85.059998   396.23999   31.860001  688.109985       83.0  369.98999   56.549999   21.360001  1133.98999       28.23
                 return                0.034643       0.063127      0.058694      0.043114      0.048417     0.043089         NaN         NaN          NaN         NaN         NaN         NaN         NaN         NaN         NaN         NaN         NaN        NaN        NaN         NaN         NaN         NaN         NaN
                 volume           36867452928.0  16427742208.0  2736840704.0  1316931712.0  2173545728.0  842015808.0  85921000.0  59649300.0  240892100.0  43743300.0  93678100.0  99178800.0  35692400.0  26447100.0  11451900.0  21148800.0  17734700.0  1145100.0  3408100.0  20240900.0  35679100.0  64149400.0  17206800.0
alpha            ts                   -0.014986      -0.017395     -0.020892      -0.00493     -0.012989    -0.014378         NaN         NaN          NaN         NaN         NaN         NaN         NaN         NaN         NaN         NaN         NaN        NaN        NaN         NaN         NaN         NaN         NaN
                 xs                         NaN            NaN           NaN           NaN           NaN          NaN         NaN         NaN          NaN         NaN         NaN         NaN         NaN         NaN         NaN         NaN         NaN        NaN        NaN         NaN         NaN         NaN         NaN
                 pure                       NaN            NaN           NaN           NaN           NaN          NaN         NaN         NaN          NaN         NaN         NaN         NaN         NaN         NaN         NaN         NaN         NaN        NaN        NaN         NaN         NaN         NaN         NaN
                 beta                       1.0            1.0           1.0           1.0           1.0          1.0         1.0         1.0          1.0         1.0         1.0         1.0         1.0         1.0         1.0         1.0         1.0        1.0        1.0         1.0         1.0         1.0         1.0
                 residual              0.033802       0.062534       0.05716      0.042204      0.046794     0.041932         NaN         NaN          NaN         NaN         NaN         NaN         NaN         NaN         NaN         NaN         NaN        NaN        NaN         NaN         NaN         NaN         NaN
                 tstat_iid            32.000813      38.331666     29.964231     27.772485     26.277601    32.592084   14.138746   14.846945    19.901342   21.583758    5.417001    5.284185    4.761278    2.390606    2.762025   13.542227   24.631783  25.628849  25.129612   23.456396   23.132299   18.515066   16.804015
                 tstat_hac            32.000813      38.331666     29.964231     27.772485     26.277601    32.592084   14.138746   14.846945    19.901342   21.583758    5.417001    5.284185    4.761278    2.390606    2.762025   13.542227   24.631783  25.628849  25.129612   23.456396   23.132299   18.515066   16.804015
                 tstat_neweywest      23.329158      27.806917     21.277932     21.623876      16.94187    23.961925    7.128291   10.807068    15.089069   15.378506    3.945782    3.964801    3.984601    2.174299    2.719196    7.612496   11.951243  12.824499  11.656197   16.259813   14.036497   13.606195    12.69889
                 r-squared             0.412583       0.501933      0.381116      0.345986      0.321391     0.421485     0.16622    0.180206     0.283053    0.317081    0.028421    0.027082      0.0221    0.005665    0.007548    0.154618    0.376754   0.395536   0.386183    0.354113    0.347783    0.254709    0.219694
                 coefficient           0.778927       1.189346      1.393247      0.785936      1.172685     1.444711    0.472854    0.481277     1.147349    1.348146     0.12155    0.153638    0.141831    0.050477    0.070742    0.242109    0.427191   0.548804   0.447619    2.552233    3.571212    1.206113    1.669931
risk             volatility            0.025972       0.035954      0.048335      0.028617      0.044303      0.04766     0.01701    0.016628      0.03163    0.035114    0.010598    0.013723    0.014024    0.009858    0.011969    0.009031    0.010208   0.012798   0.010564    0.062904    0.088816    0.035051    0.052254
                 sharpe                0.513694       0.262013      0.503877       0.50459      0.581639      0.38566    0.865777     0.51508     1.523057    1.113564    0.954323    1.066907    0.568077   -0.390358    1.200801      0.5694     1.14709   1.128572   1.097825    1.090253    0.941136    1.631043    0.924742
                 drawdown             -0.512095      -0.675294     -0.792369     -0.563349     -0.692483    -0.825892   -0.334337   -0.341838    -0.415717   -0.630003   -0.189989   -0.228833   -0.278795    -0.31048   -0.200968   -0.176431   -0.189703  -0.222967  -0.195863   -0.676087   -0.933862   -0.578234   -0.765603
                 cvar                 -0.058369      -0.081745     -0.099231     -0.065977     -0.082007    -0.100137   -0.037534   -0.036442    -0.064415   -0.072297   -0.023569    -0.03052    -0.02972   -0.021555    -0.02752   -0.019827   -0.022224  -0.028305  -0.022933   -0.109829   -0.151497   -0.070303   -0.099101
                 decorrelation         0.771169       0.771169      0.771169      0.771169      0.771169     0.771169    0.771169    0.771169     0.771169    0.771169    0.771169    0.771169    0.771169    0.771169    0.771169    0.771169    0.771169   0.771169   0.771169    0.771169    0.771169    0.771169    0.771169
                 wiggle                0.029453       0.029453      0.029453      0.029453      0.029453     0.029453    0.029453    0.029453     0.029453    0.029453    0.029453    0.029453    0.029453    0.029453    0.029453    0.029453    0.029453   0.029453   0.029453    0.029453    0.029453    0.029453    0.029453
transform        rank                    1343.0         1394.0        1326.0        1375.0        1347.0       1265.0         NaN         NaN          NaN         NaN         NaN         NaN         NaN         NaN         NaN         NaN         NaN        NaN        NaN         NaN         NaN         NaN         NaN
                 zscore                1.301496       1.739268      1.182577      1.474793       1.05623     0.879805         NaN         NaN          NaN         NaN         NaN         NaN         NaN         NaN         NaN         NaN         NaN        NaN        NaN         NaN         NaN         NaN         NaN
                 winsor                0.034643       0.060951      0.058694      0.043114      0.048417     0.043089         NaN         NaN          NaN         NaN         NaN         NaN         NaN         NaN         NaN         NaN         NaN        NaN        NaN         NaN         NaN         NaN         NaN
                 tanh                  0.034629       0.063044      0.058627      0.043087      0.048379     0.043063         NaN         NaN          NaN         NaN         NaN         NaN         NaN         NaN         NaN         NaN         NaN        NaN        NaN         NaN         NaN         NaN         NaN
                 detrend               0.044359       0.074679      0.071053      0.045982      0.057658     0.052796         NaN         NaN          NaN         NaN         NaN         NaN         NaN         NaN         NaN         NaN         NaN        NaN        NaN         NaN         NaN         NaN         NaN
portfolio        weight                0.043478       0.043478      0.043478      0.043478      0.043478     0.043478    0.043478    0.043478     0.043478    0.043478    0.043478    0.043478    0.043478    0.043478    0.043478    0.043478    0.043478   0.043478   0.043478    0.043478    0.043478    0.043478    0.043478
                 risk_parity           0.031448       0.022717      0.016898      0.028541      0.018436     0.017137    0.048015    0.049119     0.025823     0.02326    0.077064    0.059515    0.058239    0.082852    0.068237    0.090444    0.080014   0.063817   0.077312    0.012984    0.009196    0.023302     0.01563
                 kelly                 1.245942       0.459063      0.656689      1.110749      0.827035      0.50974    3.206178    1.951333     3.033352    1.997705    5.672175    4.897332    2.551674   -2.494415    6.319698     3.97191    7.078949   5.554836   6.546151    1.091809    0.667512    2.931352    1.114808
                 entropy               3.135494       3.135494      3.135494      3.135494      3.135494     3.135494    3.135494    3.135494     3.135494    3.135494    3.135494    3.135494    3.135494    3.135494    3.135494    3.135494    3.135494   3.135494   3.135494    3.135494    3.135494    3.135494    3.135494
market_structure regime                HIGH_VOL       HIGH_VOL      HIGH_VOL      HIGH_VOL      HIGH_VOL     HIGH_VOL    HIGH_VOL    HIGH_VOL     HIGH_VOL    HIGH_VOL    HIGH_VOL    HIGH_VOL    HIGH_VOL    HIGH_VOL    HIGH_VOL    HIGH_VOL    HIGH_VOL   HIGH_VOL   HIGH_VOL    HIGH_VOL    HIGH_VOL    HIGH_VOL    HIGH_VOL
                 liq_adj_vol           0.029262       0.029262      0.029262      0.029262      0.029262     0.029262    0.029262    0.029262     0.029262    0.029262    0.029262    0.029262    0.029262    0.029262    0.029262    0.029262    0.029262   0.029262   0.029262    0.029262    0.029262    0.029262    0.029262
execution        slippage              0.029262       0.029262      0.029262      0.029262      0.029262     0.029262    0.029262    0.029262     0.029262    0.029262    0.029262    0.029262    0.029262    0.029262    0.029262    0.029262    0.029262   0.029262   0.029262    0.029262    0.029262    0.029262    0.029262
                 impact                0.208514       0.208514      0.208514      0.208514      0.208514     0.208514    0.208514    0.208514     0.208514    0.208514    0.208514    0.208514    0.208514    0.208514    0.208514    0.208514    0.208514   0.208514   0.208514    0.208514    0.208514    0.208514    0.208514
                 turnover                   0.0            0.0           0.0           0.0           0.0          0.0         0.0         0.0          0.0         0.0         0.0         0.0         0.0         0.0         0.0         0.0         0.0        0.0        0.0         0.0         0.0         0.0         0.0
intel            ic                   -0.028246      -0.025645     -0.003142     -0.022742     -0.054465     0.017235    0.017792     0.03905    -0.038095   -0.010364   -0.027242   -0.015587   -0.015642   -0.049431    -0.02184   -0.009989   -0.022273  -0.022978  -0.032867    -0.00046    0.005972    0.002727   -0.028477
decision         score                      NaN            NaN           NaN           NaN           NaN          NaN         NaN         NaN          NaN         NaN         NaN         NaN         NaN         NaN         NaN         NaN         NaN        NaN        NaN         NaN         NaN         NaN         NaN
                 signal                    SELL           SELL          SELL          SELL          SELL         SELL        SELL        SELL         SELL        SELL        SELL        SELL        SELL        SELL        SELL        SELL        SELL       SELL       SELL        SELL        SELL        SELL        SELL
[QuantX] UMDMomentum OK
[BASE] structured data                                          BTCUSDT        ETHUSDT       SOLUSDT       BNBUSDT       XRPUSDT     DOGEUSDT        AAPL        MSFT         NVDA         AMD         SPY         QQQ         IWM         TLT         GLD        SCHD         VOO       VOOG        VTI        IONQ        RGTI          MU          PL
category         metric                                                                                                                                                                                                                                                                                                         
market           symbol                 BTCUSDT        ETHUSDT       SOLUSDT       BNBUSDT       XRPUSDT     DOGEUSDT        AAPL        MSFT         NVDA         AMD         SPY         QQQ         IWM         TLT         GLD        SCHD         VOO       VOOG        VTI        IONQ        RGTI          MU          PL
                 price             62976.039062    1667.800049     65.839996    599.280029        1.1464      0.08538   298.01001  379.399994   210.690002  537.369995  737.549988  705.059998  281.649994   85.059998   396.23999   31.860001  688.109985       83.0  369.98999   56.549999   21.360001  1133.98999       28.23
                 return                0.034643       0.063127      0.058694      0.043114      0.048417     0.043089         NaN         NaN          NaN         NaN         NaN         NaN         NaN         NaN         NaN         NaN         NaN        NaN        NaN         NaN         NaN         NaN         NaN
                 volume           36867452928.0  16427742208.0  2736840704.0  1316931712.0  2173545728.0  842015808.0  85921000.0  59649300.0  240892100.0  43743300.0  93678100.0  99178800.0  35692400.0  26447100.0  11451900.0  21148800.0  17734700.0  1145100.0  3408100.0  20240900.0  35679100.0  64149400.0  17206800.0
alpha            ts                   -0.014986      -0.017395     -0.020892      -0.00493     -0.012989    -0.014378         NaN         NaN          NaN         NaN         NaN         NaN         NaN         NaN         NaN         NaN         NaN        NaN        NaN         NaN         NaN         NaN         NaN
                 xs                         NaN            NaN           NaN           NaN           NaN          NaN         NaN         NaN          NaN         NaN         NaN         NaN         NaN         NaN         NaN         NaN         NaN        NaN        NaN         NaN         NaN         NaN         NaN
                 pure                       NaN            NaN           NaN           NaN           NaN          NaN         NaN         NaN          NaN         NaN         NaN         NaN         NaN         NaN         NaN         NaN         NaN        NaN        NaN         NaN         NaN         NaN         NaN
                 beta                       1.0            1.0           1.0           1.0           1.0          1.0         1.0         1.0          1.0         1.0         1.0         1.0         1.0         1.0         1.0         1.0         1.0        1.0        1.0         1.0         1.0         1.0         1.0
                 residual              0.033802       0.062534       0.05716      0.042204      0.046794     0.041932         NaN         NaN          NaN         NaN         NaN         NaN         NaN         NaN         NaN         NaN         NaN        NaN        NaN         NaN         NaN         NaN         NaN
                 tstat_iid            32.000813      38.331666     29.964231     27.772485     26.277601    32.592084   14.138746   14.846945    19.901342   21.583758    5.417001    5.284185    4.761278    2.390606    2.762025   13.542227   24.631783  25.628849  25.129612   23.456396   23.132299   18.515066   16.804015
                 tstat_hac            32.000813      38.331666     29.964231     27.772485     26.277601    32.592084   14.138746   14.846945    19.901342   21.583758    5.417001    5.284185    4.761278    2.390606    2.762025   13.542227   24.631783  25.628849  25.129612   23.456396   23.132299   18.515066   16.804015
                 tstat_neweywest      23.329158      27.806917     21.277932     21.623876      16.94187    23.961925    7.128291   10.807068    15.089069   15.378506    3.945782    3.964801    3.984601    2.174299    2.719196    7.612496   11.951243  12.824499  11.656197   16.259813   14.036497   13.606195    12.69889
                 r-squared             0.412583       0.501933      0.381116      0.345986      0.321391     0.421485     0.16622    0.180206     0.283053    0.317081    0.028421    0.027082      0.0221    0.005665    0.007548    0.154618    0.376754   0.395536   0.386183    0.354113    0.347783    0.254709    0.219694
                 coefficient           0.778927       1.189346      1.393247      0.785936      1.172685     1.444711    0.472854    0.481277     1.147349    1.348146     0.12155    0.153638    0.141831    0.050477    0.070742    0.242109    0.427191   0.548804   0.447619    2.552233    3.571212    1.206113    1.669931
risk             volatility            0.025972       0.035954      0.048335      0.028617      0.044303      0.04766     0.01701    0.016628      0.03163    0.035114    0.010598    0.013723    0.014024    0.009858    0.011969    0.009031    0.010208   0.012798   0.010564    0.062904    0.088816    0.035051    0.052254
                 sharpe                0.513694       0.262013      0.503877       0.50459      0.581639      0.38566    0.865777     0.51508     1.523057    1.113564    0.954323    1.066907    0.568077   -0.390358    1.200801      0.5694     1.14709   1.128572   1.097825    1.090253    0.941136    1.631043    0.924742
                 drawdown             -0.512095      -0.675294     -0.792369     -0.563349     -0.692483    -0.825892   -0.334337   -0.341838    -0.415717   -0.630003   -0.189989   -0.228833   -0.278795    -0.31048   -0.200968   -0.176431   -0.189703  -0.222967  -0.195863   -0.676087   -0.933862   -0.578234   -0.765603
                 cvar                 -0.058369      -0.081745     -0.099231     -0.065977     -0.082007    -0.100137   -0.037534   -0.036442    -0.064415   -0.072297   -0.023569    -0.03052    -0.02972   -0.021555    -0.02752   -0.019827   -0.022224  -0.028305  -0.022933   -0.109829   -0.151497   -0.070303   -0.099101
                 decorrelation         0.771169       0.771169      0.771169      0.771169      0.771169     0.771169    0.771169    0.771169     0.771169    0.771169    0.771169    0.771169    0.771169    0.771169    0.771169    0.771169    0.771169   0.771169   0.771169    0.771169    0.771169    0.771169    0.771169
                 wiggle                0.029453       0.029453      0.029453      0.029453      0.029453     0.029453    0.029453    0.029453     0.029453    0.029453    0.029453    0.029453    0.029453    0.029453    0.029453    0.029453    0.029453   0.029453   0.029453    0.029453    0.029453    0.029453    0.029453
transform        rank                    1343.0         1394.0        1326.0        1375.0        1347.0       1265.0         NaN         NaN          NaN         NaN         NaN         NaN         NaN         NaN         NaN         NaN         NaN        NaN        NaN         NaN         NaN         NaN         NaN
                 zscore                1.301496       1.739268      1.182577      1.474793       1.05623     0.879805         NaN         NaN          NaN         NaN         NaN         NaN         NaN         NaN         NaN         NaN         NaN        NaN        NaN         NaN         NaN         NaN         NaN
                 winsor                0.034643       0.060951      0.058694      0.043114      0.048417     0.043089         NaN         NaN          NaN         NaN         NaN         NaN         NaN         NaN         NaN         NaN         NaN        NaN        NaN         NaN         NaN         NaN         NaN
                 tanh                  0.034629       0.063044      0.058627      0.043087      0.048379     0.043063         NaN         NaN          NaN         NaN         NaN         NaN         NaN         NaN         NaN         NaN         NaN        NaN        NaN         NaN         NaN         NaN         NaN
                 detrend               0.044359       0.074679      0.071053      0.045982      0.057658     0.052796         NaN         NaN          NaN         NaN         NaN         NaN         NaN         NaN         NaN         NaN         NaN        NaN        NaN         NaN         NaN         NaN         NaN
portfolio        weight                0.043478       0.043478      0.043478      0.043478      0.043478     0.043478    0.043478    0.043478     0.043478    0.043478    0.043478    0.043478    0.043478    0.043478    0.043478    0.043478    0.043478   0.043478   0.043478    0.043478    0.043478    0.043478    0.043478
                 risk_parity           0.031448       0.022717      0.016898      0.028541      0.018436     0.017137    0.048015    0.049119     0.025823     0.02326    0.077064    0.059515    0.058239    0.082852    0.068237    0.090444    0.080014   0.063817   0.077312    0.012984    0.009196    0.023302     0.01563
                 kelly                 1.245942       0.459063      0.656689      1.110749      0.827035      0.50974    3.206178    1.951333     3.033352    1.997705    5.672175    4.897332    2.551674   -2.494415    6.319698     3.97191    7.078949   5.554836   6.546151    1.091809    0.667512    2.931352    1.114808
                 entropy               3.135494       3.135494      3.135494      3.135494      3.135494     3.135494    3.135494    3.135494     3.135494    3.135494    3.135494    3.135494    3.135494    3.135494    3.135494    3.135494    3.135494   3.135494   3.135494    3.135494    3.135494    3.135494    3.135494
market_structure regime                HIGH_VOL       HIGH_VOL      HIGH_VOL      HIGH_VOL      HIGH_VOL     HIGH_VOL    HIGH_VOL    HIGH_VOL     HIGH_VOL    HIGH_VOL    HIGH_VOL    HIGH_VOL    HIGH_VOL    HIGH_VOL    HIGH_VOL    HIGH_VOL    HIGH_VOL   HIGH_VOL   HIGH_VOL    HIGH_VOL    HIGH_VOL    HIGH_VOL    HIGH_VOL
                 liq_adj_vol           0.029262       0.029262      0.029262      0.029262      0.029262     0.029262    0.029262    0.029262     0.029262    0.029262    0.029262    0.029262    0.029262    0.029262    0.029262    0.029262    0.029262   0.029262   0.029262    0.029262    0.029262    0.029262    0.029262
execution        slippage              0.029262       0.029262      0.029262      0.029262      0.029262     0.029262    0.029262    0.029262     0.029262    0.029262    0.029262    0.029262    0.029262    0.029262    0.029262    0.029262    0.029262   0.029262   0.029262    0.029262    0.029262    0.029262    0.029262
                 impact                0.208514       0.208514      0.208514      0.208514      0.208514     0.208514    0.208514    0.208514     0.208514    0.208514    0.208514    0.208514    0.208514    0.208514    0.208514    0.208514    0.208514   0.208514   0.208514    0.208514    0.208514    0.208514    0.208514
                 turnover                   0.0            0.0           0.0           0.0           0.0          0.0         0.0         0.0          0.0         0.0         0.0         0.0         0.0         0.0         0.0         0.0         0.0        0.0        0.0         0.0         0.0         0.0         0.0
intel            ic                   -0.028246      -0.025645     -0.003142     -0.022742     -0.054465     0.017235    0.017792     0.03905    -0.038095   -0.010364   -0.027242   -0.015587   -0.015642   -0.049431    -0.02184   -0.009989   -0.022273  -0.022978  -0.032867    -0.00046    0.005972    0.002727   -0.028477
decision         score                      NaN            NaN           NaN           NaN           NaN          NaN         NaN         NaN          NaN         NaN         NaN         NaN         NaN         NaN         NaN         NaN         NaN        NaN        NaN         NaN         NaN         NaN         NaN
                 signal                    SELL           SELL          SELL          SELL          SELL         SELL        SELL        SELL         SELL        SELL        SELL        SELL        SELL        SELL        SELL        SELL        SELL       SELL       SELL        SELL        SELL        SELL        SELL
[QuantX] TimeSeriesMomentum OK
[BASE] structured data                                          BTCUSDT        ETHUSDT       SOLUSDT       BNBUSDT       XRPUSDT     DOGEUSDT        AAPL        MSFT         NVDA         AMD         SPY         QQQ         IWM         TLT         GLD        SCHD         VOO       VOOG        VTI        IONQ        RGTI          MU          PL
category         metric                                                                                                                                                                                                                                                                                                         
market           symbol                 BTCUSDT        ETHUSDT       SOLUSDT       BNBUSDT       XRPUSDT     DOGEUSDT        AAPL        MSFT         NVDA         AMD         SPY         QQQ         IWM         TLT         GLD        SCHD         VOO       VOOG        VTI        IONQ        RGTI          MU          PL
                 price             62976.039062    1667.800049     65.839996    599.280029        1.1464      0.08538   298.01001  379.399994   210.690002  537.369995  737.549988  705.059998  281.649994   85.059998   396.23999   31.860001  688.109985       83.0  369.98999   56.549999   21.360001  1133.98999       28.23
                 return                0.034643       0.063127      0.058694      0.043114      0.048417     0.043089         NaN         NaN          NaN         NaN         NaN         NaN         NaN         NaN         NaN         NaN         NaN        NaN        NaN         NaN         NaN         NaN         NaN
                 volume           36867452928.0  16427742208.0  2736840704.0  1316931712.0  2173545728.0  842015808.0  85921000.0  59649300.0  240892100.0  43743300.0  93678100.0  99178800.0  35692400.0  26447100.0  11451900.0  21148800.0  17734700.0  1145100.0  3408100.0  20240900.0  35679100.0  64149400.0  17206800.0
alpha            ts                   -0.014986      -0.017395     -0.020892      -0.00493     -0.012989    -0.014378         NaN         NaN          NaN         NaN         NaN         NaN         NaN         NaN         NaN         NaN         NaN        NaN        NaN         NaN         NaN         NaN         NaN
                 xs                         NaN            NaN           NaN           NaN           NaN          NaN         NaN         NaN          NaN         NaN         NaN         NaN         NaN         NaN         NaN         NaN         NaN        NaN        NaN         NaN         NaN         NaN         NaN
                 pure                       NaN            NaN           NaN           NaN           NaN          NaN         NaN         NaN          NaN         NaN         NaN         NaN         NaN         NaN         NaN         NaN         NaN        NaN        NaN         NaN         NaN         NaN         NaN
                 beta                       1.0            1.0           1.0           1.0           1.0          1.0         1.0         1.0          1.0         1.0         1.0         1.0         1.0         1.0         1.0         1.0         1.0        1.0        1.0         1.0         1.0         1.0         1.0
                 residual              0.033802       0.062534       0.05716      0.042204      0.046794     0.041932         NaN         NaN          NaN         NaN         NaN         NaN         NaN         NaN         NaN         NaN         NaN        NaN        NaN         NaN         NaN         NaN         NaN
                 tstat_iid            32.000813      38.331666     29.964231     27.772485     26.277601    32.592084   14.138746   14.846945    19.901342   21.583758    5.417001    5.284185    4.761278    2.390606    2.762025   13.542227   24.631783  25.628849  25.129612   23.456396   23.132299   18.515066   16.804015
                 tstat_hac            32.000813      38.331666     29.964231     27.772485     26.277601    32.592084   14.138746   14.846945    19.901342   21.583758    5.417001    5.284185    4.761278    2.390606    2.762025   13.542227   24.631783  25.628849  25.129612   23.456396   23.132299   18.515066   16.804015
                 tstat_neweywest      23.329158      27.806917     21.277932     21.623876      16.94187    23.961925    7.128291   10.807068    15.089069   15.378506    3.945782    3.964801    3.984601    2.174299    2.719196    7.612496   11.951243  12.824499  11.656197   16.259813   14.036497   13.606195    12.69889
                 r-squared             0.412583       0.501933      0.381116      0.345986      0.321391     0.421485     0.16622    0.180206     0.283053    0.317081    0.028421    0.027082      0.0221    0.005665    0.007548    0.154618    0.376754   0.395536   0.386183    0.354113    0.347783    0.254709    0.219694
                 coefficient           0.778927       1.189346      1.393247      0.785936      1.172685     1.444711    0.472854    0.481277     1.147349    1.348146     0.12155    0.153638    0.141831    0.050477    0.070742    0.242109    0.427191   0.548804   0.447619    2.552233    3.571212    1.206113    1.669931
risk             volatility            0.025972       0.035954      0.048335      0.028617      0.044303      0.04766     0.01701    0.016628      0.03163    0.035114    0.010598    0.013723    0.014024    0.009858    0.011969    0.009031    0.010208   0.012798   0.010564    0.062904    0.088816    0.035051    0.052254
                 sharpe                0.513694       0.262013      0.503877       0.50459      0.581639      0.38566    0.865777     0.51508     1.523057    1.113564    0.954323    1.066907    0.568077   -0.390358    1.200801      0.5694     1.14709   1.128572   1.097825    1.090253    0.941136    1.631043    0.924742
                 drawdown             -0.512095      -0.675294     -0.792369     -0.563349     -0.692483    -0.825892   -0.334337   -0.341838    -0.415717   -0.630003   -0.189989   -0.228833   -0.278795    -0.31048   -0.200968   -0.176431   -0.189703  -0.222967  -0.195863   -0.676087   -0.933862   -0.578234   -0.765603
                 cvar                 -0.058369      -0.081745     -0.099231     -0.065977     -0.082007    -0.100137   -0.037534   -0.036442    -0.064415   -0.072297   -0.023569    -0.03052    -0.02972   -0.021555    -0.02752   -0.019827   -0.022224  -0.028305  -0.022933   -0.109829   -0.151497   -0.070303   -0.099101
                 decorrelation         0.771169       0.771169      0.771169      0.771169      0.771169     0.771169    0.771169    0.771169     0.771169    0.771169    0.771169    0.771169    0.771169    0.771169    0.771169    0.771169    0.771169   0.771169   0.771169    0.771169    0.771169    0.771169    0.771169
                 wiggle                0.029453       0.029453      0.029453      0.029453      0.029453     0.029453    0.029453    0.029453     0.029453    0.029453    0.029453    0.029453    0.029453    0.029453    0.029453    0.029453    0.029453   0.029453   0.029453    0.029453    0.029453    0.029453    0.029453
transform        rank                    1343.0         1394.0        1326.0        1375.0        1347.0       1265.0         NaN         NaN          NaN         NaN         NaN         NaN         NaN         NaN         NaN         NaN         NaN        NaN        NaN         NaN         NaN         NaN         NaN
                 zscore                1.301496       1.739268      1.182577      1.474793       1.05623     0.879805         NaN         NaN          NaN         NaN         NaN         NaN         NaN         NaN         NaN         NaN         NaN        NaN        NaN         NaN         NaN         NaN         NaN
                 winsor                0.034643       0.060951      0.058694      0.043114      0.048417     0.043089         NaN         NaN          NaN         NaN         NaN         NaN         NaN         NaN         NaN         NaN         NaN        NaN        NaN         NaN         NaN         NaN         NaN
                 tanh                  0.034629       0.063044      0.058627      0.043087      0.048379     0.043063         NaN         NaN          NaN         NaN         NaN         NaN         NaN         NaN         NaN         NaN         NaN        NaN        NaN         NaN         NaN         NaN         NaN
                 detrend               0.044359       0.074679      0.071053      0.045982      0.057658     0.052796         NaN         NaN          NaN         NaN         NaN         NaN         NaN         NaN         NaN         NaN         NaN        NaN        NaN         NaN         NaN         NaN         NaN
portfolio        weight                0.043478       0.043478      0.043478      0.043478      0.043478     0.043478    0.043478    0.043478     0.043478    0.043478    0.043478    0.043478    0.043478    0.043478    0.043478    0.043478    0.043478   0.043478   0.043478    0.043478    0.043478    0.043478    0.043478
                 risk_parity           0.031448       0.022717      0.016898      0.028541      0.018436     0.017137    0.048015    0.049119     0.025823     0.02326    0.077064    0.059515    0.058239    0.082852    0.068237    0.090444    0.080014   0.063817   0.077312    0.012984    0.009196    0.023302     0.01563
                 kelly                 1.245942       0.459063      0.656689      1.110749      0.827035      0.50974    3.206178    1.951333     3.033352    1.997705    5.672175    4.897332    2.551674   -2.494415    6.319698     3.97191    7.078949   5.554836   6.546151    1.091809    0.667512    2.931352    1.114808
                 entropy               3.135494       3.135494      3.135494      3.135494      3.135494     3.135494    3.135494    3.135494     3.135494    3.135494    3.135494    3.135494    3.135494    3.135494    3.135494    3.135494    3.135494   3.135494   3.135494    3.135494    3.135494    3.135494    3.135494
market_structure regime                HIGH_VOL       HIGH_VOL      HIGH_VOL      HIGH_VOL      HIGH_VOL     HIGH_VOL    HIGH_VOL    HIGH_VOL     HIGH_VOL    HIGH_VOL    HIGH_VOL    HIGH_VOL    HIGH_VOL    HIGH_VOL    HIGH_VOL    HIGH_VOL    HIGH_VOL   HIGH_VOL   HIGH_VOL    HIGH_VOL    HIGH_VOL    HIGH_VOL    HIGH_VOL
                 liq_adj_vol           0.029262       0.029262      0.029262      0.029262      0.029262     0.029262    0.029262    0.029262     0.029262    0.029262    0.029262    0.029262    0.029262    0.029262    0.029262    0.029262    0.029262   0.029262   0.029262    0.029262    0.029262    0.029262    0.029262
execution        slippage              0.029262       0.029262      0.029262      0.029262      0.029262     0.029262    0.029262    0.029262     0.029262    0.029262    0.029262    0.029262    0.029262    0.029262    0.029262    0.029262    0.029262   0.029262   0.029262    0.029262    0.029262    0.029262    0.029262
                 impact                0.208514       0.208514      0.208514      0.208514      0.208514     0.208514    0.208514    0.208514     0.208514    0.208514    0.208514    0.208514    0.208514    0.208514    0.208514    0.208514    0.208514   0.208514   0.208514    0.208514    0.208514    0.208514    0.208514
                 turnover                   0.0            0.0           0.0           0.0           0.0          0.0         0.0         0.0          0.0         0.0         0.0         0.0         0.0         0.0         0.0         0.0         0.0        0.0        0.0         0.0         0.0         0.0         0.0
intel            ic                   -0.028246      -0.025645     -0.003142     -0.022742     -0.054465     0.017235    0.017792     0.03905    -0.038095   -0.010364   -0.027242   -0.015587   -0.015642   -0.049431    -0.02184   -0.009989   -0.022273  -0.022978  -0.032867    -0.00046    0.005972    0.002727   -0.028477
decision         score                      NaN            NaN           NaN           NaN           NaN          NaN         NaN         NaN          NaN         NaN         NaN         NaN         NaN         NaN         NaN         NaN         NaN        NaN        NaN         NaN         NaN         NaN         NaN
                 signal                    SELL           SELL          SELL          SELL          SELL         SELL        SELL        SELL         SELL        SELL        SELL        SELL        SELL        SELL        SELL        SELL        SELL       SELL       SELL        SELL        SELL        SELL        SELL
[QuantX] STREV OK
[BASE] structured data                                          BTCUSDT        ETHUSDT       SOLUSDT       BNBUSDT       XRPUSDT     DOGEUSDT        AAPL        MSFT         NVDA         AMD         SPY         QQQ         IWM         TLT         GLD        SCHD         VOO       VOOG        VTI        IONQ        RGTI          MU          PL
category         metric                                                                                                                                                                                                                                                                                                         
market           symbol                 BTCUSDT        ETHUSDT       SOLUSDT       BNBUSDT       XRPUSDT     DOGEUSDT        AAPL        MSFT         NVDA         AMD         SPY         QQQ         IWM         TLT         GLD        SCHD         VOO       VOOG        VTI        IONQ        RGTI          MU          PL
                 price             62976.039062    1667.800049     65.839996    599.280029        1.1464      0.08538   298.01001  379.399994   210.690002  537.369995  737.549988  705.059998  281.649994   85.059998   396.23999   31.860001  688.109985       83.0  369.98999   56.549999   21.360001  1133.98999       28.23
                 return                0.034643       0.063127      0.058694      0.043114      0.048417     0.043089         NaN         NaN          NaN         NaN         NaN         NaN         NaN         NaN         NaN         NaN         NaN        NaN        NaN         NaN         NaN         NaN         NaN
                 volume           36867452928.0  16427742208.0  2736840704.0  1316931712.0  2173545728.0  842015808.0  85921000.0  59649300.0  240892100.0  43743300.0  93678100.0  99178800.0  35692400.0  26447100.0  11451900.0  21148800.0  17734700.0  1145100.0  3408100.0  20240900.0  35679100.0  64149400.0  17206800.0
alpha            ts                   -0.014986      -0.017395     -0.020892      -0.00493     -0.012989    -0.014378         NaN         NaN          NaN         NaN         NaN         NaN         NaN         NaN         NaN         NaN         NaN        NaN        NaN         NaN         NaN         NaN         NaN
                 xs                         NaN            NaN           NaN           NaN           NaN          NaN         NaN         NaN          NaN         NaN         NaN         NaN         NaN         NaN         NaN         NaN         NaN        NaN        NaN         NaN         NaN         NaN         NaN
                 pure                       NaN            NaN           NaN           NaN           NaN          NaN         NaN         NaN          NaN         NaN         NaN         NaN         NaN         NaN         NaN         NaN         NaN        NaN        NaN         NaN         NaN         NaN         NaN
                 beta                       1.0            1.0           1.0           1.0           1.0          1.0         1.0         1.0          1.0         1.0         1.0         1.0         1.0         1.0         1.0         1.0         1.0        1.0        1.0         1.0         1.0         1.0         1.0
                 residual              0.033802       0.062534       0.05716      0.042204      0.046794     0.041932         NaN         NaN          NaN         NaN         NaN         NaN         NaN         NaN         NaN         NaN         NaN        NaN        NaN         NaN         NaN         NaN         NaN
                 tstat_iid            32.000813      38.331666     29.964231     27.772485     26.277601    32.592084   14.138746   14.846945    19.901342   21.583758    5.417001    5.284185    4.761278    2.390606    2.762025   13.542227   24.631783  25.628849  25.129612   23.456396   23.132299   18.515066   16.804015
                 tstat_hac            32.000813      38.331666     29.964231     27.772485     26.277601    32.592084   14.138746   14.846945    19.901342   21.583758    5.417001    5.284185    4.761278    2.390606    2.762025   13.542227   24.631783  25.628849  25.129612   23.456396   23.132299   18.515066   16.804015
                 tstat_neweywest      23.329158      27.806917     21.277932     21.623876      16.94187    23.961925    7.128291   10.807068    15.089069   15.378506    3.945782    3.964801    3.984601    2.174299    2.719196    7.612496   11.951243  12.824499  11.656197   16.259813   14.036497   13.606195    12.69889
                 r-squared             0.412583       0.501933      0.381116      0.345986      0.321391     0.421485     0.16622    0.180206     0.283053    0.317081    0.028421    0.027082      0.0221    0.005665    0.007548    0.154618    0.376754   0.395536   0.386183    0.354113    0.347783    0.254709    0.219694
                 coefficient           0.778927       1.189346      1.393247      0.785936      1.172685     1.444711    0.472854    0.481277     1.147349    1.348146     0.12155    0.153638    0.141831    0.050477    0.070742    0.242109    0.427191   0.548804   0.447619    2.552233    3.571212    1.206113    1.669931
risk             volatility            0.025972       0.035954      0.048335      0.028617      0.044303      0.04766     0.01701    0.016628      0.03163    0.035114    0.010598    0.013723    0.014024    0.009858    0.011969    0.009031    0.010208   0.012798   0.010564    0.062904    0.088816    0.035051    0.052254
                 sharpe                0.513694       0.262013      0.503877       0.50459      0.581639      0.38566    0.865777     0.51508     1.523057    1.113564    0.954323    1.066907    0.568077   -0.390358    1.200801      0.5694     1.14709   1.128572   1.097825    1.090253    0.941136    1.631043    0.924742
                 drawdown             -0.512095      -0.675294     -0.792369     -0.563349     -0.692483    -0.825892   -0.334337   -0.341838    -0.415717   -0.630003   -0.189989   -0.228833   -0.278795    -0.31048   -0.200968   -0.176431   -0.189703  -0.222967  -0.195863   -0.676087   -0.933862   -0.578234   -0.765603
                 cvar                 -0.058369      -0.081745     -0.099231     -0.065977     -0.082007    -0.100137   -0.037534   -0.036442    -0.064415   -0.072297   -0.023569    -0.03052    -0.02972   -0.021555    -0.02752   -0.019827   -0.022224  -0.028305  -0.022933   -0.109829   -0.151497   -0.070303   -0.099101
                 decorrelation         0.771169       0.771169      0.771169      0.771169      0.771169     0.771169    0.771169    0.771169     0.771169    0.771169    0.771169    0.771169    0.771169    0.771169    0.771169    0.771169    0.771169   0.771169   0.771169    0.771169    0.771169    0.771169    0.771169
                 wiggle                0.029453       0.029453      0.029453      0.029453      0.029453     0.029453    0.029453    0.029453     0.029453    0.029453    0.029453    0.029453    0.029453    0.029453    0.029453    0.029453    0.029453   0.029453   0.029453    0.029453    0.029453    0.029453    0.029453
transform        rank                    1343.0         1394.0        1326.0        1375.0        1347.0       1265.0         NaN         NaN          NaN         NaN         NaN         NaN         NaN         NaN         NaN         NaN         NaN        NaN        NaN         NaN         NaN         NaN         NaN
                 zscore                1.301496       1.739268      1.182577      1.474793       1.05623     0.879805         NaN         NaN          NaN         NaN         NaN         NaN         NaN         NaN         NaN         NaN         NaN        NaN        NaN         NaN         NaN         NaN         NaN
                 winsor                0.034643       0.060951      0.058694      0.043114      0.048417     0.043089         NaN         NaN          NaN         NaN         NaN         NaN         NaN         NaN         NaN         NaN         NaN        NaN        NaN         NaN         NaN         NaN         NaN
                 tanh                  0.034629       0.063044      0.058627      0.043087      0.048379     0.043063         NaN         NaN          NaN         NaN         NaN         NaN         NaN         NaN         NaN         NaN         NaN        NaN        NaN         NaN         NaN         NaN         NaN
                 detrend               0.044359       0.074679      0.071053      0.045982      0.057658     0.052796         NaN         NaN          NaN         NaN         NaN         NaN         NaN         NaN         NaN         NaN         NaN        NaN        NaN         NaN         NaN         NaN         NaN
portfolio        weight                0.043478       0.043478      0.043478      0.043478      0.043478     0.043478    0.043478    0.043478     0.043478    0.043478    0.043478    0.043478    0.043478    0.043478    0.043478    0.043478    0.043478   0.043478   0.043478    0.043478    0.043478    0.043478    0.043478
                 risk_parity           0.031448       0.022717      0.016898      0.028541      0.018436     0.017137    0.048015    0.049119     0.025823     0.02326    0.077064    0.059515    0.058239    0.082852    0.068237    0.090444    0.080014   0.063817   0.077312    0.012984    0.009196    0.023302     0.01563
                 kelly                 1.245942       0.459063      0.656689      1.110749      0.827035      0.50974    3.206178    1.951333     3.033352    1.997705    5.672175    4.897332    2.551674   -2.494415    6.319698     3.97191    7.078949   5.554836   6.546151    1.091809    0.667512    2.931352    1.114808
                 entropy               3.135494       3.135494      3.135494      3.135494      3.135494     3.135494    3.135494    3.135494     3.135494    3.135494    3.135494    3.135494    3.135494    3.135494    3.135494    3.135494    3.135494   3.135494   3.135494    3.135494    3.135494    3.135494    3.135494
market_structure regime                HIGH_VOL       HIGH_VOL      HIGH_VOL      HIGH_VOL      HIGH_VOL     HIGH_VOL    HIGH_VOL    HIGH_VOL     HIGH_VOL    HIGH_VOL    HIGH_VOL    HIGH_VOL    HIGH_VOL    HIGH_VOL    HIGH_VOL    HIGH_VOL    HIGH_VOL   HIGH_VOL   HIGH_VOL    HIGH_VOL    HIGH_VOL    HIGH_VOL    HIGH_VOL
                 liq_adj_vol           0.029262       0.029262      0.029262      0.029262      0.029262     0.029262    0.029262    0.029262     0.029262    0.029262    0.029262    0.029262    0.029262    0.029262    0.029262    0.029262    0.029262   0.029262   0.029262    0.029262    0.029262    0.029262    0.029262
execution        slippage              0.029262       0.029262      0.029262      0.029262      0.029262     0.029262    0.029262    0.029262     0.029262    0.029262    0.029262    0.029262    0.029262    0.029262    0.029262    0.029262    0.029262   0.029262   0.029262    0.029262    0.029262    0.029262    0.029262
                 impact                0.208514       0.208514      0.208514      0.208514      0.208514     0.208514    0.208514    0.208514     0.208514    0.208514    0.208514    0.208514    0.208514    0.208514    0.208514    0.208514    0.208514   0.208514   0.208514    0.208514    0.208514    0.208514    0.208514
                 turnover                   0.0            0.0           0.0           0.0           0.0          0.0         0.0         0.0          0.0         0.0         0.0         0.0         0.0         0.0         0.0         0.0         0.0        0.0        0.0         0.0         0.0         0.0         0.0
intel            ic                   -0.028246      -0.025645     -0.003142     -0.022742     -0.054465     0.017235    0.017792     0.03905    -0.038095   -0.010364   -0.027242   -0.015587   -0.015642   -0.049431    -0.02184   -0.009989   -0.022273  -0.022978  -0.032867    -0.00046    0.005972    0.002727   -0.028477
decision         score                      NaN            NaN           NaN           NaN           NaN          NaN         NaN         NaN          NaN         NaN         NaN         NaN         NaN         NaN         NaN         NaN         NaN        NaN        NaN         NaN         NaN         NaN         NaN
                 signal                    SELL           SELL          SELL          SELL          SELL         SELL        SELL        SELL         SELL        SELL        SELL        SELL        SELL        SELL        SELL        SELL        SELL       SELL       SELL        SELL        SELL        SELL        SELL
[QuantX] IntradayReversal OK
[BASE] structured data                                          BTCUSDT        ETHUSDT       SOLUSDT       BNBUSDT       XRPUSDT     DOGEUSDT        AAPL        MSFT         NVDA         AMD         SPY         QQQ         IWM         TLT         GLD        SCHD         VOO       VOOG        VTI        IONQ        RGTI          MU          PL
category         metric                                                                                                                                                                                                                                                                                                         
market           symbol                 BTCUSDT        ETHUSDT       SOLUSDT       BNBUSDT       XRPUSDT     DOGEUSDT        AAPL        MSFT         NVDA         AMD         SPY         QQQ         IWM         TLT         GLD        SCHD         VOO       VOOG        VTI        IONQ        RGTI          MU          PL
                 price             62976.039062    1667.800049     65.839996    599.280029        1.1464      0.08538   298.01001  379.399994   210.690002  537.369995  737.549988  705.059998  281.649994   85.059998   396.23999   31.860001  688.109985       83.0  369.98999   56.549999   21.360001  1133.98999       28.23
                 return                0.034643       0.063127      0.058694      0.043114      0.048417     0.043089         NaN         NaN          NaN         NaN         NaN         NaN         NaN         NaN         NaN         NaN         NaN        NaN        NaN         NaN         NaN         NaN         NaN
                 volume           36867452928.0  16427742208.0  2736840704.0  1316931712.0  2173545728.0  842015808.0  85921000.0  59649300.0  240892100.0  43743300.0  93678100.0  99178800.0  35692400.0  26447100.0  11451900.0  21148800.0  17734700.0  1145100.0  3408100.0  20240900.0  35679100.0  64149400.0  17206800.0
alpha            ts                   -0.014986      -0.017395     -0.020892      -0.00493     -0.012989    -0.014378         NaN         NaN          NaN         NaN         NaN         NaN         NaN         NaN         NaN         NaN         NaN        NaN        NaN         NaN         NaN         NaN         NaN
                 xs                         NaN            NaN           NaN           NaN           NaN          NaN         NaN         NaN          NaN         NaN         NaN         NaN         NaN         NaN         NaN         NaN         NaN        NaN        NaN         NaN         NaN         NaN         NaN
                 pure                       NaN            NaN           NaN           NaN           NaN          NaN         NaN         NaN          NaN         NaN         NaN         NaN         NaN         NaN         NaN         NaN         NaN        NaN        NaN         NaN         NaN         NaN         NaN
                 beta                       1.0            1.0           1.0           1.0           1.0          1.0         1.0         1.0          1.0         1.0         1.0         1.0         1.0         1.0         1.0         1.0         1.0        1.0        1.0         1.0         1.0         1.0         1.0
                 residual              0.033802       0.062534       0.05716      0.042204      0.046794     0.041932         NaN         NaN          NaN         NaN         NaN         NaN         NaN         NaN         NaN         NaN         NaN        NaN        NaN         NaN         NaN         NaN         NaN
                 tstat_iid            32.000813      38.331666     29.964231     27.772485     26.277601    32.592084   14.138746   14.846945    19.901342   21.583758    5.417001    5.284185    4.761278    2.390606    2.762025   13.542227   24.631783  25.628849  25.129612   23.456396   23.132299   18.515066   16.804015
                 tstat_hac            32.000813      38.331666     29.964231     27.772485     26.277601    32.592084   14.138746   14.846945    19.901342   21.583758    5.417001    5.284185    4.761278    2.390606    2.762025   13.542227   24.631783  25.628849  25.129612   23.456396   23.132299   18.515066   16.804015
                 tstat_neweywest      23.329158      27.806917     21.277932     21.623876      16.94187    23.961925    7.128291   10.807068    15.089069   15.378506    3.945782    3.964801    3.984601    2.174299    2.719196    7.612496   11.951243  12.824499  11.656197   16.259813   14.036497   13.606195    12.69889
                 r-squared             0.412583       0.501933      0.381116      0.345986      0.321391     0.421485     0.16622    0.180206     0.283053    0.317081    0.028421    0.027082      0.0221    0.005665    0.007548    0.154618    0.376754   0.395536   0.386183    0.354113    0.347783    0.254709    0.219694
                 coefficient           0.778927       1.189346      1.393247      0.785936      1.172685     1.444711    0.472854    0.481277     1.147349    1.348146     0.12155    0.153638    0.141831    0.050477    0.070742    0.242109    0.427191   0.548804   0.447619    2.552233    3.571212    1.206113    1.669931
risk             volatility            0.025972       0.035954      0.048335      0.028617      0.044303      0.04766     0.01701    0.016628      0.03163    0.035114    0.010598    0.013723    0.014024    0.009858    0.011969    0.009031    0.010208   0.012798   0.010564    0.062904    0.088816    0.035051    0.052254
                 sharpe                0.513694       0.262013      0.503877       0.50459      0.581639      0.38566    0.865777     0.51508     1.523057    1.113564    0.954323    1.066907    0.568077   -0.390358    1.200801      0.5694     1.14709   1.128572   1.097825    1.090253    0.941136    1.631043    0.924742
                 drawdown             -0.512095      -0.675294     -0.792369     -0.563349     -0.692483    -0.825892   -0.334337   -0.341838    -0.415717   -0.630003   -0.189989   -0.228833   -0.278795    -0.31048   -0.200968   -0.176431   -0.189703  -0.222967  -0.195863   -0.676087   -0.933862   -0.578234   -0.765603
                 cvar                 -0.058369      -0.081745     -0.099231     -0.065977     -0.082007    -0.100137   -0.037534   -0.036442    -0.064415   -0.072297   -0.023569    -0.03052    -0.02972   -0.021555    -0.02752   -0.019827   -0.022224  -0.028305  -0.022933   -0.109829   -0.151497   -0.070303   -0.099101
                 decorrelation         0.771169       0.771169      0.771169      0.771169      0.771169     0.771169    0.771169    0.771169     0.771169    0.771169    0.771169    0.771169    0.771169    0.771169    0.771169    0.771169    0.771169   0.771169   0.771169    0.771169    0.771169    0.771169    0.771169
                 wiggle                0.029453       0.029453      0.029453      0.029453      0.029453     0.029453    0.029453    0.029453     0.029453    0.029453    0.029453    0.029453    0.029453    0.029453    0.029453    0.029453    0.029453   0.029453   0.029453    0.029453    0.029453    0.029453    0.029453
transform        rank                    1343.0         1394.0        1326.0        1375.0        1347.0       1265.0         NaN         NaN          NaN         NaN         NaN         NaN         NaN         NaN         NaN         NaN         NaN        NaN        NaN         NaN         NaN         NaN         NaN
                 zscore                1.301496       1.739268      1.182577      1.474793       1.05623     0.879805         NaN         NaN          NaN         NaN         NaN         NaN         NaN         NaN         NaN         NaN         NaN        NaN        NaN         NaN         NaN         NaN         NaN
                 winsor                0.034643       0.060951      0.058694      0.043114      0.048417     0.043089         NaN         NaN          NaN         NaN         NaN         NaN         NaN         NaN         NaN         NaN         NaN        NaN        NaN         NaN         NaN         NaN         NaN
                 tanh                  0.034629       0.063044      0.058627      0.043087      0.048379     0.043063         NaN         NaN          NaN         NaN         NaN         NaN         NaN         NaN         NaN         NaN         NaN        NaN        NaN         NaN         NaN         NaN         NaN
                 detrend               0.044359       0.074679      0.071053      0.045982      0.057658     0.052796         NaN         NaN          NaN         NaN         NaN         NaN         NaN         NaN         NaN         NaN         NaN        NaN        NaN         NaN         NaN         NaN         NaN
portfolio        weight                0.043478       0.043478      0.043478      0.043478      0.043478     0.043478    0.043478    0.043478     0.043478    0.043478    0.043478    0.043478    0.043478    0.043478    0.043478    0.043478    0.043478   0.043478   0.043478    0.043478    0.043478    0.043478    0.043478
                 risk_parity           0.031448       0.022717      0.016898      0.028541      0.018436     0.017137    0.048015    0.049119     0.025823     0.02326    0.077064    0.059515    0.058239    0.082852    0.068237    0.090444    0.080014   0.063817   0.077312    0.012984    0.009196    0.023302     0.01563
                 kelly                 1.245942       0.459063      0.656689      1.110749      0.827035      0.50974    3.206178    1.951333     3.033352    1.997705    5.672175    4.897332    2.551674   -2.494415    6.319698     3.97191    7.078949   5.554836   6.546151    1.091809    0.667512    2.931352    1.114808
                 entropy               3.135494       3.135494      3.135494      3.135494      3.135494     3.135494    3.135494    3.135494     3.135494    3.135494    3.135494    3.135494    3.135494    3.135494    3.135494    3.135494    3.135494   3.135494   3.135494    3.135494    3.135494    3.135494    3.135494
market_structure regime                HIGH_VOL       HIGH_VOL      HIGH_VOL      HIGH_VOL      HIGH_VOL     HIGH_VOL    HIGH_VOL    HIGH_VOL     HIGH_VOL    HIGH_VOL    HIGH_VOL    HIGH_VOL    HIGH_VOL    HIGH_VOL    HIGH_VOL    HIGH_VOL    HIGH_VOL   HIGH_VOL   HIGH_VOL    HIGH_VOL    HIGH_VOL    HIGH_VOL    HIGH_VOL
                 liq_adj_vol           0.029262       0.029262      0.029262      0.029262      0.029262     0.029262    0.029262    0.029262     0.029262    0.029262    0.029262    0.029262    0.029262    0.029262    0.029262    0.029262    0.029262   0.029262   0.029262    0.029262    0.029262    0.029262    0.029262
execution        slippage              0.029262       0.029262      0.029262      0.029262      0.029262     0.029262    0.029262    0.029262     0.029262    0.029262    0.029262    0.029262    0.029262    0.029262    0.029262    0.029262    0.029262   0.029262   0.029262    0.029262    0.029262    0.029262    0.029262
                 impact                0.208514       0.208514      0.208514      0.208514      0.208514     0.208514    0.208514    0.208514     0.208514    0.208514    0.208514    0.208514    0.208514    0.208514    0.208514    0.208514    0.208514   0.208514   0.208514    0.208514    0.208514    0.208514    0.208514
                 turnover                   0.0            0.0           0.0           0.0           0.0          0.0         0.0         0.0          0.0         0.0         0.0         0.0         0.0         0.0         0.0         0.0         0.0        0.0        0.0         0.0         0.0         0.0         0.0
intel            ic                   -0.028246      -0.025645     -0.003142     -0.022742     -0.054465     0.017235    0.017792     0.03905    -0.038095   -0.010364   -0.027242   -0.015587   -0.015642   -0.049431    -0.02184   -0.009989   -0.022273  -0.022978  -0.032867    -0.00046    0.005972    0.002727   -0.028477
decision         score                      NaN            NaN           NaN           NaN           NaN          NaN         NaN         NaN          NaN         NaN         NaN         NaN         NaN         NaN         NaN         NaN         NaN        NaN        NaN         NaN         NaN         NaN         NaN
                 signal                    SELL           SELL          SELL          SELL          SELL         SELL        SELL        SELL         SELL        SELL        SELL        SELL        SELL        SELL        SELL        SELL        SELL       SELL       SELL        SELL        SELL        SELL        SELL
[QuantX] PairTrading OK
[BASE] structured data                                          BTCUSDT        ETHUSDT       SOLUSDT       BNBUSDT       XRPUSDT     DOGEUSDT        AAPL        MSFT         NVDA         AMD         SPY         QQQ         IWM         TLT         GLD        SCHD         VOO       VOOG        VTI        IONQ        RGTI          MU          PL
category         metric                                                                                                                                                                                                                                                                                                         
market           symbol                 BTCUSDT        ETHUSDT       SOLUSDT       BNBUSDT       XRPUSDT     DOGEUSDT        AAPL        MSFT         NVDA         AMD         SPY         QQQ         IWM         TLT         GLD        SCHD         VOO       VOOG        VTI        IONQ        RGTI          MU          PL
                 price             62976.039062    1667.800049     65.839996    599.280029        1.1464      0.08538   298.01001  379.399994   210.690002  537.369995  737.549988  705.059998  281.649994   85.059998   396.23999   31.860001  688.109985       83.0  369.98999   56.549999   21.360001  1133.98999       28.23
                 return                0.034643       0.063127      0.058694      0.043114      0.048417     0.043089         NaN         NaN          NaN         NaN         NaN         NaN         NaN         NaN         NaN         NaN         NaN        NaN        NaN         NaN         NaN         NaN         NaN
                 volume           36867452928.0  16427742208.0  2736840704.0  1316931712.0  2173545728.0  842015808.0  85921000.0  59649300.0  240892100.0  43743300.0  93678100.0  99178800.0  35692400.0  26447100.0  11451900.0  21148800.0  17734700.0  1145100.0  3408100.0  20240900.0  35679100.0  64149400.0  17206800.0
alpha            ts                   -0.014986      -0.017395     -0.020892      -0.00493     -0.012989    -0.014378         NaN         NaN          NaN         NaN         NaN         NaN         NaN         NaN         NaN         NaN         NaN        NaN        NaN         NaN         NaN         NaN         NaN
                 xs                         NaN            NaN           NaN           NaN           NaN          NaN         NaN         NaN          NaN         NaN         NaN         NaN         NaN         NaN         NaN         NaN         NaN        NaN        NaN         NaN         NaN         NaN         NaN
                 pure                       NaN            NaN           NaN           NaN           NaN          NaN         NaN         NaN          NaN         NaN         NaN         NaN         NaN         NaN         NaN         NaN         NaN        NaN        NaN         NaN         NaN         NaN         NaN
                 beta                       1.0            1.0           1.0           1.0           1.0          1.0         1.0         1.0          1.0         1.0         1.0         1.0         1.0         1.0         1.0         1.0         1.0        1.0        1.0         1.0         1.0         1.0         1.0
                 residual              0.033802       0.062534       0.05716      0.042204      0.046794     0.041932         NaN         NaN          NaN         NaN         NaN         NaN         NaN         NaN         NaN         NaN         NaN        NaN        NaN         NaN         NaN         NaN         NaN
                 tstat_iid            32.000813      38.331666     29.964231     27.772485     26.277601    32.592084   14.138746   14.846945    19.901342   21.583758    5.417001    5.284185    4.761278    2.390606    2.762025   13.542227   24.631783  25.628849  25.129612   23.456396   23.132299   18.515066   16.804015
                 tstat_hac            32.000813      38.331666     29.964231     27.772485     26.277601    32.592084   14.138746   14.846945    19.901342   21.583758    5.417001    5.284185    4.761278    2.390606    2.762025   13.542227   24.631783  25.628849  25.129612   23.456396   23.132299   18.515066   16.804015
                 tstat_neweywest      23.329158      27.806917     21.277932     21.623876      16.94187    23.961925    7.128291   10.807068    15.089069   15.378506    3.945782    3.964801    3.984601    2.174299    2.719196    7.612496   11.951243  12.824499  11.656197   16.259813   14.036497   13.606195    12.69889
                 r-squared             0.412583       0.501933      0.381116      0.345986      0.321391     0.421485     0.16622    0.180206     0.283053    0.317081    0.028421    0.027082      0.0221    0.005665    0.007548    0.154618    0.376754   0.395536   0.386183    0.354113    0.347783    0.254709    0.219694
                 coefficient           0.778927       1.189346      1.393247      0.785936      1.172685     1.444711    0.472854    0.481277     1.147349    1.348146     0.12155    0.153638    0.141831    0.050477    0.070742    0.242109    0.427191   0.548804   0.447619    2.552233    3.571212    1.206113    1.669931
risk             volatility            0.025972       0.035954      0.048335      0.028617      0.044303      0.04766     0.01701    0.016628      0.03163    0.035114    0.010598    0.013723    0.014024    0.009858    0.011969    0.009031    0.010208   0.012798   0.010564    0.062904    0.088816    0.035051    0.052254
                 sharpe                0.513694       0.262013      0.503877       0.50459      0.581639      0.38566    0.865777     0.51508     1.523057    1.113564    0.954323    1.066907    0.568077   -0.390358    1.200801      0.5694     1.14709   1.128572   1.097825    1.090253    0.941136    1.631043    0.924742
                 drawdown             -0.512095      -0.675294     -0.792369     -0.563349     -0.692483    -0.825892   -0.334337   -0.341838    -0.415717   -0.630003   -0.189989   -0.228833   -0.278795    -0.31048   -0.200968   -0.176431   -0.189703  -0.222967  -0.195863   -0.676087   -0.933862   -0.578234   -0.765603
                 cvar                 -0.058369      -0.081745     -0.099231     -0.065977     -0.082007    -0.100137   -0.037534   -0.036442    -0.064415   -0.072297   -0.023569    -0.03052    -0.02972   -0.021555    -0.02752   -0.019827   -0.022224  -0.028305  -0.022933   -0.109829   -0.151497   -0.070303   -0.099101
                 decorrelation         0.771169       0.771169      0.771169      0.771169      0.771169     0.771169    0.771169    0.771169     0.771169    0.771169    0.771169    0.771169    0.771169    0.771169    0.771169    0.771169    0.771169   0.771169   0.771169    0.771169    0.771169    0.771169    0.771169
                 wiggle                0.029453       0.029453      0.029453      0.029453      0.029453     0.029453    0.029453    0.029453     0.029453    0.029453    0.029453    0.029453    0.029453    0.029453    0.029453    0.029453    0.029453   0.029453   0.029453    0.029453    0.029453    0.029453    0.029453
transform        rank                    1343.0         1394.0        1326.0        1375.0        1347.0       1265.0         NaN         NaN          NaN         NaN         NaN         NaN         NaN         NaN         NaN         NaN         NaN        NaN        NaN         NaN         NaN         NaN         NaN
                 zscore                1.301496       1.739268      1.182577      1.474793       1.05623     0.879805         NaN         NaN          NaN         NaN         NaN         NaN         NaN         NaN         NaN         NaN         NaN        NaN        NaN         NaN         NaN         NaN         NaN
                 winsor                0.034643       0.060951      0.058694      0.043114      0.048417     0.043089         NaN         NaN          NaN         NaN         NaN         NaN         NaN         NaN         NaN         NaN         NaN        NaN        NaN         NaN         NaN         NaN         NaN
                 tanh                  0.034629       0.063044      0.058627      0.043087      0.048379     0.043063         NaN         NaN          NaN         NaN         NaN         NaN         NaN         NaN         NaN         NaN         NaN        NaN        NaN         NaN         NaN         NaN         NaN
                 detrend               0.044359       0.074679      0.071053      0.045982      0.057658     0.052796         NaN         NaN          NaN         NaN         NaN         NaN         NaN         NaN         NaN         NaN         NaN        NaN        NaN         NaN         NaN         NaN         NaN
portfolio        weight                0.043478       0.043478      0.043478      0.043478      0.043478     0.043478    0.043478    0.043478     0.043478    0.043478    0.043478    0.043478    0.043478    0.043478    0.043478    0.043478    0.043478   0.043478   0.043478    0.043478    0.043478    0.043478    0.043478
                 risk_parity           0.031448       0.022717      0.016898      0.028541      0.018436     0.017137    0.048015    0.049119     0.025823     0.02326    0.077064    0.059515    0.058239    0.082852    0.068237    0.090444    0.080014   0.063817   0.077312    0.012984    0.009196    0.023302     0.01563
                 kelly                 1.245942       0.459063      0.656689      1.110749      0.827035      0.50974    3.206178    1.951333     3.033352    1.997705    5.672175    4.897332    2.551674   -2.494415    6.319698     3.97191    7.078949   5.554836   6.546151    1.091809    0.667512    2.931352    1.114808
                 entropy               3.135494       3.135494      3.135494      3.135494      3.135494     3.135494    3.135494    3.135494     3.135494    3.135494    3.135494    3.135494    3.135494    3.135494    3.135494    3.135494    3.135494   3.135494   3.135494    3.135494    3.135494    3.135494    3.135494
market_structure regime                HIGH_VOL       HIGH_VOL      HIGH_VOL      HIGH_VOL      HIGH_VOL     HIGH_VOL    HIGH_VOL    HIGH_VOL     HIGH_VOL    HIGH_VOL    HIGH_VOL    HIGH_VOL    HIGH_VOL    HIGH_VOL    HIGH_VOL    HIGH_VOL    HIGH_VOL   HIGH_VOL   HIGH_VOL    HIGH_VOL    HIGH_VOL    HIGH_VOL    HIGH_VOL
                 liq_adj_vol           0.029262       0.029262      0.029262      0.029262      0.029262     0.029262    0.029262    0.029262     0.029262    0.029262    0.029262    0.029262    0.029262    0.029262    0.029262    0.029262    0.029262   0.029262   0.029262    0.029262    0.029262    0.029262    0.029262
execution        slippage              0.029262       0.029262      0.029262      0.029262      0.029262     0.029262    0.029262    0.029262     0.029262    0.029262    0.029262    0.029262    0.029262    0.029262    0.029262    0.029262    0.029262   0.029262   0.029262    0.029262    0.029262    0.029262    0.029262
                 impact                0.208514       0.208514      0.208514      0.208514      0.208514     0.208514    0.208514    0.208514     0.208514    0.208514    0.208514    0.208514    0.208514    0.208514    0.208514    0.208514    0.208514   0.208514   0.208514    0.208514    0.208514    0.208514    0.208514
                 turnover                   0.0            0.0           0.0           0.0           0.0          0.0         0.0         0.0          0.0         0.0         0.0         0.0         0.0         0.0         0.0         0.0         0.0        0.0        0.0         0.0         0.0         0.0         0.0
intel            ic                   -0.028246      -0.025645     -0.003142     -0.022742     -0.054465     0.017235    0.017792     0.03905    -0.038095   -0.010364   -0.027242   -0.015587   -0.015642   -0.049431    -0.02184   -0.009989   -0.022273  -0.022978  -0.032867    -0.00046    0.005972    0.002727   -0.028477
decision         score                      NaN            NaN           NaN           NaN           NaN          NaN         NaN         NaN          NaN         NaN         NaN         NaN         NaN         NaN         NaN         NaN         NaN        NaN        NaN         NaN         NaN         NaN         NaN
                 signal                    SELL           SELL          SELL          SELL          SELL         SELL        SELL        SELL         SELL        SELL        SELL        SELL        SELL        SELL        SELL        SELL        SELL       SELL       SELL        SELL        SELL        SELL        SELL
[QuantX] BreadthStrategy OK
[BASE] structured data                                          BTCUSDT        ETHUSDT       SOLUSDT       BNBUSDT       XRPUSDT     DOGEUSDT        AAPL        MSFT         NVDA         AMD         SPY         QQQ         IWM         TLT         GLD        SCHD         VOO       VOOG        VTI        IONQ        RGTI          MU          PL
category         metric                                                                                                                                                                                                                                                                                                         
market           symbol                 BTCUSDT        ETHUSDT       SOLUSDT       BNBUSDT       XRPUSDT     DOGEUSDT        AAPL        MSFT         NVDA         AMD         SPY         QQQ         IWM         TLT         GLD        SCHD         VOO       VOOG        VTI        IONQ        RGTI          MU          PL
                 price             62976.039062    1667.800049     65.839996    599.280029        1.1464      0.08538   298.01001  379.399994   210.690002  537.369995  737.549988  705.059998  281.649994   85.059998   396.23999   31.860001  688.109985       83.0  369.98999   56.549999   21.360001  1133.98999       28.23
                 return                0.034643       0.063127      0.058694      0.043114      0.048417     0.043089         NaN         NaN          NaN         NaN         NaN         NaN         NaN         NaN         NaN         NaN         NaN        NaN        NaN         NaN         NaN         NaN         NaN
                 volume           36867452928.0  16427742208.0  2736840704.0  1316931712.0  2173545728.0  842015808.0  85921000.0  59649300.0  240892100.0  43743300.0  93678100.0  99178800.0  35692400.0  26447100.0  11451900.0  21148800.0  17734700.0  1145100.0  3408100.0  20240900.0  35679100.0  64149400.0  17206800.0
alpha            ts                   -0.014986      -0.017395     -0.020892      -0.00493     -0.012989    -0.014378         NaN         NaN          NaN         NaN         NaN         NaN         NaN         NaN         NaN         NaN         NaN        NaN        NaN         NaN         NaN         NaN         NaN
                 xs                         NaN            NaN           NaN           NaN           NaN          NaN         NaN         NaN          NaN         NaN         NaN         NaN         NaN         NaN         NaN         NaN         NaN        NaN        NaN         NaN         NaN         NaN         NaN
                 pure                       NaN            NaN           NaN           NaN           NaN          NaN         NaN         NaN          NaN         NaN         NaN         NaN         NaN         NaN         NaN         NaN         NaN        NaN        NaN         NaN         NaN         NaN         NaN
                 beta                       1.0            1.0           1.0           1.0           1.0          1.0         1.0         1.0          1.0         1.0         1.0         1.0         1.0         1.0         1.0         1.0         1.0        1.0        1.0         1.0         1.0         1.0         1.0
                 residual              0.033802       0.062534       0.05716      0.042204      0.046794     0.041932         NaN         NaN          NaN         NaN         NaN         NaN         NaN         NaN         NaN         NaN         NaN        NaN        NaN         NaN         NaN         NaN         NaN
                 tstat_iid            32.000813      38.331666     29.964231     27.772485     26.277601    32.592084   14.138746   14.846945    19.901342   21.583758    5.417001    5.284185    4.761278    2.390606    2.762025   13.542227   24.631783  25.628849  25.129612   23.456396   23.132299   18.515066   16.804015
                 tstat_hac            32.000813      38.331666     29.964231     27.772485     26.277601    32.592084   14.138746   14.846945    19.901342   21.583758    5.417001    5.284185    4.761278    2.390606    2.762025   13.542227   24.631783  25.628849  25.129612   23.456396   23.132299   18.515066   16.804015
                 tstat_neweywest      23.329158      27.806917     21.277932     21.623876      16.94187    23.961925    7.128291   10.807068    15.089069   15.378506    3.945782    3.964801    3.984601    2.174299    2.719196    7.612496   11.951243  12.824499  11.656197   16.259813   14.036497   13.606195    12.69889
                 r-squared             0.412583       0.501933      0.381116      0.345986      0.321391     0.421485     0.16622    0.180206     0.283053    0.317081    0.028421    0.027082      0.0221    0.005665    0.007548    0.154618    0.376754   0.395536   0.386183    0.354113    0.347783    0.254709    0.219694
                 coefficient           0.778927       1.189346      1.393247      0.785936      1.172685     1.444711    0.472854    0.481277     1.147349    1.348146     0.12155    0.153638    0.141831    0.050477    0.070742    0.242109    0.427191   0.548804   0.447619    2.552233    3.571212    1.206113    1.669931
risk             volatility            0.025972       0.035954      0.048335      0.028617      0.044303      0.04766     0.01701    0.016628      0.03163    0.035114    0.010598    0.013723    0.014024    0.009858    0.011969    0.009031    0.010208   0.012798   0.010564    0.062904    0.088816    0.035051    0.052254
                 sharpe                0.513694       0.262013      0.503877       0.50459      0.581639      0.38566    0.865777     0.51508     1.523057    1.113564    0.954323    1.066907    0.568077   -0.390358    1.200801      0.5694     1.14709   1.128572   1.097825    1.090253    0.941136    1.631043    0.924742
                 drawdown             -0.512095      -0.675294     -0.792369     -0.563349     -0.692483    -0.825892   -0.334337   -0.341838    -0.415717   -0.630003   -0.189989   -0.228833   -0.278795    -0.31048   -0.200968   -0.176431   -0.189703  -0.222967  -0.195863   -0.676087   -0.933862   -0.578234   -0.765603
                 cvar                 -0.058369      -0.081745     -0.099231     -0.065977     -0.082007    -0.100137   -0.037534   -0.036442    -0.064415   -0.072297   -0.023569    -0.03052    -0.02972   -0.021555    -0.02752   -0.019827   -0.022224  -0.028305  -0.022933   -0.109829   -0.151497   -0.070303   -0.099101
                 decorrelation         0.771169       0.771169      0.771169      0.771169      0.771169     0.771169    0.771169    0.771169     0.771169    0.771169    0.771169    0.771169    0.771169    0.771169    0.771169    0.771169    0.771169   0.771169   0.771169    0.771169    0.771169    0.771169    0.771169
                 wiggle                0.029453       0.029453      0.029453      0.029453      0.029453     0.029453    0.029453    0.029453     0.029453    0.029453    0.029453    0.029453    0.029453    0.029453    0.029453    0.029453    0.029453   0.029453   0.029453    0.029453    0.029453    0.029453    0.029453
transform        rank                    1343.0         1394.0        1326.0        1375.0        1347.0       1265.0         NaN         NaN          NaN         NaN         NaN         NaN         NaN         NaN         NaN         NaN         NaN        NaN        NaN         NaN         NaN         NaN         NaN
                 zscore                1.301496       1.739268      1.182577      1.474793       1.05623     0.879805         NaN         NaN          NaN         NaN         NaN         NaN         NaN         NaN         NaN         NaN         NaN        NaN        NaN         NaN         NaN         NaN         NaN
                 winsor                0.034643       0.060951      0.058694      0.043114      0.048417     0.043089         NaN         NaN          NaN         NaN         NaN         NaN         NaN         NaN         NaN         NaN         NaN        NaN        NaN         NaN         NaN         NaN         NaN
                 tanh                  0.034629       0.063044      0.058627      0.043087      0.048379     0.043063         NaN         NaN          NaN         NaN         NaN         NaN         NaN         NaN         NaN         NaN         NaN        NaN        NaN         NaN         NaN         NaN         NaN
                 detrend               0.044359       0.074679      0.071053      0.045982      0.057658     0.052796         NaN         NaN          NaN         NaN         NaN         NaN         NaN         NaN         NaN         NaN         NaN        NaN        NaN         NaN         NaN         NaN         NaN
portfolio        weight                0.043478       0.043478      0.043478      0.043478      0.043478     0.043478    0.043478    0.043478     0.043478    0.043478    0.043478    0.043478    0.043478    0.043478    0.043478    0.043478    0.043478   0.043478   0.043478    0.043478    0.043478    0.043478    0.043478
                 risk_parity           0.031448       0.022717      0.016898      0.028541      0.018436     0.017137    0.048015    0.049119     0.025823     0.02326    0.077064    0.059515    0.058239    0.082852    0.068237    0.090444    0.080014   0.063817   0.077312    0.012984    0.009196    0.023302     0.01563
                 kelly                 1.245942       0.459063      0.656689      1.110749      0.827035      0.50974    3.206178    1.951333     3.033352    1.997705    5.672175    4.897332    2.551674   -2.494415    6.319698     3.97191    7.078949   5.554836   6.546151    1.091809    0.667512    2.931352    1.114808
                 entropy               3.135494       3.135494      3.135494      3.135494      3.135494     3.135494    3.135494    3.135494     3.135494    3.135494    3.135494    3.135494    3.135494    3.135494    3.135494    3.135494    3.135494   3.135494   3.135494    3.135494    3.135494    3.135494    3.135494
market_structure regime                HIGH_VOL       HIGH_VOL      HIGH_VOL      HIGH_VOL      HIGH_VOL     HIGH_VOL    HIGH_VOL    HIGH_VOL     HIGH_VOL    HIGH_VOL    HIGH_VOL    HIGH_VOL    HIGH_VOL    HIGH_VOL    HIGH_VOL    HIGH_VOL    HIGH_VOL   HIGH_VOL   HIGH_VOL    HIGH_VOL    HIGH_VOL    HIGH_VOL    HIGH_VOL
                 liq_adj_vol           0.029262       0.029262      0.029262      0.029262      0.029262     0.029262    0.029262    0.029262     0.029262    0.029262    0.029262    0.029262    0.029262    0.029262    0.029262    0.029262    0.029262   0.029262   0.029262    0.029262    0.029262    0.029262    0.029262
execution        slippage              0.029262       0.029262      0.029262      0.029262      0.029262     0.029262    0.029262    0.029262     0.029262    0.029262    0.029262    0.029262    0.029262    0.029262    0.029262    0.029262    0.029262   0.029262   0.029262    0.029262    0.029262    0.029262    0.029262
                 impact                0.208514       0.208514      0.208514      0.208514      0.208514     0.208514    0.208514    0.208514     0.208514    0.208514    0.208514    0.208514    0.208514    0.208514    0.208514    0.208514    0.208514   0.208514   0.208514    0.208514    0.208514    0.208514    0.208514
                 turnover                   0.0            0.0           0.0           0.0           0.0          0.0         0.0         0.0          0.0         0.0         0.0         0.0         0.0         0.0         0.0         0.0         0.0        0.0        0.0         0.0         0.0         0.0         0.0
intel            ic                   -0.028246      -0.025645     -0.003142     -0.022742     -0.054465     0.017235    0.017792     0.03905    -0.038095   -0.010364   -0.027242   -0.015587   -0.015642   -0.049431    -0.02184   -0.009989   -0.022273  -0.022978  -0.032867    -0.00046    0.005972    0.002727   -0.028477
decision         score                      NaN            NaN           NaN           NaN           NaN          NaN         NaN         NaN          NaN         NaN         NaN         NaN         NaN         NaN         NaN         NaN         NaN        NaN        NaN         NaN         NaN         NaN         NaN
                 signal                    SELL           SELL          SELL          SELL          SELL         SELL        SELL        SELL         SELL        SELL        SELL        SELL        SELL        SELL        SELL        SELL        SELL       SELL       SELL        SELL        SELL        SELL        SELL
[QuantX] CorrelationStrategy OK
[BASE] structured data                                          BTCUSDT        ETHUSDT       SOLUSDT       BNBUSDT       XRPUSDT     DOGEUSDT        AAPL        MSFT         NVDA         AMD         SPY         QQQ         IWM         TLT         GLD        SCHD         VOO       VOOG        VTI        IONQ        RGTI          MU          PL
category         metric                                                                                                                                                                                                                                                                                                         
market           symbol                 BTCUSDT        ETHUSDT       SOLUSDT       BNBUSDT       XRPUSDT     DOGEUSDT        AAPL        MSFT         NVDA         AMD         SPY         QQQ         IWM         TLT         GLD        SCHD         VOO       VOOG        VTI        IONQ        RGTI          MU          PL
                 price             62976.039062    1667.800049     65.839996    599.280029        1.1464      0.08538   298.01001  379.399994   210.690002  537.369995  737.549988  705.059998  281.649994   85.059998   396.23999   31.860001  688.109985       83.0  369.98999   56.549999   21.360001  1133.98999       28.23
                 return                0.034643       0.063127      0.058694      0.043114      0.048417     0.043089         NaN         NaN          NaN         NaN         NaN         NaN         NaN         NaN         NaN         NaN         NaN        NaN        NaN         NaN         NaN         NaN         NaN
                 volume           36867452928.0  16427742208.0  2736840704.0  1316931712.0  2173545728.0  842015808.0  85921000.0  59649300.0  240892100.0  43743300.0  93678100.0  99178800.0  35692400.0  26447100.0  11451900.0  21148800.0  17734700.0  1145100.0  3408100.0  20240900.0  35679100.0  64149400.0  17206800.0
alpha            ts                   -0.014986      -0.017395     -0.020892      -0.00493     -0.012989    -0.014378         NaN         NaN          NaN         NaN         NaN         NaN         NaN         NaN         NaN         NaN         NaN        NaN        NaN         NaN         NaN         NaN         NaN
                 xs                         NaN            NaN           NaN           NaN           NaN          NaN         NaN         NaN          NaN         NaN         NaN         NaN         NaN         NaN         NaN         NaN         NaN        NaN        NaN         NaN         NaN         NaN         NaN
                 pure                       NaN            NaN           NaN           NaN           NaN          NaN         NaN         NaN          NaN         NaN         NaN         NaN         NaN         NaN         NaN         NaN         NaN        NaN        NaN         NaN         NaN         NaN         NaN
                 beta                       1.0            1.0           1.0           1.0           1.0          1.0         1.0         1.0          1.0         1.0         1.0         1.0         1.0         1.0         1.0         1.0         1.0        1.0        1.0         1.0         1.0         1.0         1.0
                 residual              0.033802       0.062534       0.05716      0.042204      0.046794     0.041932         NaN         NaN          NaN         NaN         NaN         NaN         NaN         NaN         NaN         NaN         NaN        NaN        NaN         NaN         NaN         NaN         NaN
                 tstat_iid            32.000813      38.331666     29.964231     27.772485     26.277601    32.592084   14.138746   14.846945    19.901342   21.583758    5.417001    5.284185    4.761278    2.390606    2.762025   13.542227   24.631783  25.628849  25.129612   23.456396   23.132299   18.515066   16.804015
                 tstat_hac            32.000813      38.331666     29.964231     27.772485     26.277601    32.592084   14.138746   14.846945    19.901342   21.583758    5.417001    5.284185    4.761278    2.390606    2.762025   13.542227   24.631783  25.628849  25.129612   23.456396   23.132299   18.515066   16.804015
                 tstat_neweywest      23.329158      27.806917     21.277932     21.623876      16.94187    23.961925    7.128291   10.807068    15.089069   15.378506    3.945782    3.964801    3.984601    2.174299    2.719196    7.612496   11.951243  12.824499  11.656197   16.259813   14.036497   13.606195    12.69889
                 r-squared             0.412583       0.501933      0.381116      0.345986      0.321391     0.421485     0.16622    0.180206     0.283053    0.317081    0.028421    0.027082      0.0221    0.005665    0.007548    0.154618    0.376754   0.395536   0.386183    0.354113    0.347783    0.254709    0.219694
                 coefficient           0.778927       1.189346      1.393247      0.785936      1.172685     1.444711    0.472854    0.481277     1.147349    1.348146     0.12155    0.153638    0.141831    0.050477    0.070742    0.242109    0.427191   0.548804   0.447619    2.552233    3.571212    1.206113    1.669931
risk             volatility            0.025972       0.035954      0.048335      0.028617      0.044303      0.04766     0.01701    0.016628      0.03163    0.035114    0.010598    0.013723    0.014024    0.009858    0.011969    0.009031    0.010208   0.012798   0.010564    0.062904    0.088816    0.035051    0.052254
                 sharpe                0.513694       0.262013      0.503877       0.50459      0.581639      0.38566    0.865777     0.51508     1.523057    1.113564    0.954323    1.066907    0.568077   -0.390358    1.200801      0.5694     1.14709   1.128572   1.097825    1.090253    0.941136    1.631043    0.924742
                 drawdown             -0.512095      -0.675294     -0.792369     -0.563349     -0.692483    -0.825892   -0.334337   -0.341838    -0.415717   -0.630003   -0.189989   -0.228833   -0.278795    -0.31048   -0.200968   -0.176431   -0.189703  -0.222967  -0.195863   -0.676087   -0.933862   -0.578234   -0.765603
                 cvar                 -0.058369      -0.081745     -0.099231     -0.065977     -0.082007    -0.100137   -0.037534   -0.036442    -0.064415   -0.072297   -0.023569    -0.03052    -0.02972   -0.021555    -0.02752   -0.019827   -0.022224  -0.028305  -0.022933   -0.109829   -0.151497   -0.070303   -0.099101
                 decorrelation         0.771169       0.771169      0.771169      0.771169      0.771169     0.771169    0.771169    0.771169     0.771169    0.771169    0.771169    0.771169    0.771169    0.771169    0.771169    0.771169    0.771169   0.771169   0.771169    0.771169    0.771169    0.771169    0.771169
                 wiggle                0.029453       0.029453      0.029453      0.029453      0.029453     0.029453    0.029453    0.029453     0.029453    0.029453    0.029453    0.029453    0.029453    0.029453    0.029453    0.029453    0.029453   0.029453   0.029453    0.029453    0.029453    0.029453    0.029453
transform        rank                    1343.0         1394.0        1326.0        1375.0        1347.0       1265.0         NaN         NaN          NaN         NaN         NaN         NaN         NaN         NaN         NaN         NaN         NaN        NaN        NaN         NaN         NaN         NaN         NaN
                 zscore                1.301496       1.739268      1.182577      1.474793       1.05623     0.879805         NaN         NaN          NaN         NaN         NaN         NaN         NaN         NaN         NaN         NaN         NaN        NaN        NaN         NaN         NaN         NaN         NaN
                 winsor                0.034643       0.060951      0.058694      0.043114      0.048417     0.043089         NaN         NaN          NaN         NaN         NaN         NaN         NaN         NaN         NaN         NaN         NaN        NaN        NaN         NaN         NaN         NaN         NaN
                 tanh                  0.034629       0.063044      0.058627      0.043087      0.048379     0.043063         NaN         NaN          NaN         NaN         NaN         NaN         NaN         NaN         NaN         NaN         NaN        NaN        NaN         NaN         NaN         NaN         NaN
                 detrend               0.044359       0.074679      0.071053      0.045982      0.057658     0.052796         NaN         NaN          NaN         NaN         NaN         NaN         NaN         NaN         NaN         NaN         NaN        NaN        NaN         NaN         NaN         NaN         NaN
portfolio        weight                0.043478       0.043478      0.043478      0.043478      0.043478     0.043478    0.043478    0.043478     0.043478    0.043478    0.043478    0.043478    0.043478    0.043478    0.043478    0.043478    0.043478   0.043478   0.043478    0.043478    0.043478    0.043478    0.043478
                 risk_parity           0.031448       0.022717      0.016898      0.028541      0.018436     0.017137    0.048015    0.049119     0.025823     0.02326    0.077064    0.059515    0.058239    0.082852    0.068237    0.090444    0.080014   0.063817   0.077312    0.012984    0.009196    0.023302     0.01563
                 kelly                 1.245942       0.459063      0.656689      1.110749      0.827035      0.50974    3.206178    1.951333     3.033352    1.997705    5.672175    4.897332    2.551674   -2.494415    6.319698     3.97191    7.078949   5.554836   6.546151    1.091809    0.667512    2.931352    1.114808
                 entropy               3.135494       3.135494      3.135494      3.135494      3.135494     3.135494    3.135494    3.135494     3.135494    3.135494    3.135494    3.135494    3.135494    3.135494    3.135494    3.135494    3.135494   3.135494   3.135494    3.135494    3.135494    3.135494    3.135494
market_structure regime                HIGH_VOL       HIGH_VOL      HIGH_VOL      HIGH_VOL      HIGH_VOL     HIGH_VOL    HIGH_VOL    HIGH_VOL     HIGH_VOL    HIGH_VOL    HIGH_VOL    HIGH_VOL    HIGH_VOL    HIGH_VOL    HIGH_VOL    HIGH_VOL    HIGH_VOL   HIGH_VOL   HIGH_VOL    HIGH_VOL    HIGH_VOL    HIGH_VOL    HIGH_VOL
                 liq_adj_vol           0.029262       0.029262      0.029262      0.029262      0.029262     0.029262    0.029262    0.029262     0.029262    0.029262    0.029262    0.029262    0.029262    0.029262    0.029262    0.029262    0.029262   0.029262   0.029262    0.029262    0.029262    0.029262    0.029262
execution        slippage              0.029262       0.029262      0.029262      0.029262      0.029262     0.029262    0.029262    0.029262     0.029262    0.029262    0.029262    0.029262    0.029262    0.029262    0.029262    0.029262    0.029262   0.029262   0.029262    0.029262    0.029262    0.029262    0.029262
                 impact                0.208514       0.208514      0.208514      0.208514      0.208514     0.208514    0.208514    0.208514     0.208514    0.208514    0.208514    0.208514    0.208514    0.208514    0.208514    0.208514    0.208514   0.208514   0.208514    0.208514    0.208514    0.208514    0.208514
                 turnover                   0.0            0.0           0.0           0.0           0.0          0.0         0.0         0.0          0.0         0.0         0.0         0.0         0.0         0.0         0.0         0.0         0.0        0.0        0.0         0.0         0.0         0.0         0.0
intel            ic                   -0.028246      -0.025645     -0.003142     -0.022742     -0.054465     0.017235    0.017792     0.03905    -0.038095   -0.010364   -0.027242   -0.015587   -0.015642   -0.049431    -0.02184   -0.009989   -0.022273  -0.022978  -0.032867    -0.00046    0.005972    0.002727   -0.028477
decision         score                      NaN            NaN           NaN           NaN           NaN          NaN         NaN         NaN          NaN         NaN         NaN         NaN         NaN         NaN         NaN         NaN         NaN        NaN        NaN         NaN         NaN         NaN         NaN
                 signal                    SELL           SELL          SELL          SELL          SELL         SELL        SELL        SELL         SELL        SELL        SELL        SELL        SELL        SELL        SELL        SELL        SELL       SELL       SELL        SELL        SELL        SELL        SELL
[QuantX] DispersionStrategy OK
[BASE] structured data                                          BTCUSDT        ETHUSDT       SOLUSDT       BNBUSDT       XRPUSDT     DOGEUSDT        AAPL        MSFT         NVDA         AMD         SPY         QQQ         IWM         TLT         GLD        SCHD         VOO       VOOG        VTI        IONQ        RGTI          MU          PL
category         metric                                                                                                                                                                                                                                                                                                         
market           symbol                 BTCUSDT        ETHUSDT       SOLUSDT       BNBUSDT       XRPUSDT     DOGEUSDT        AAPL        MSFT         NVDA         AMD         SPY         QQQ         IWM         TLT         GLD        SCHD         VOO       VOOG        VTI        IONQ        RGTI          MU          PL
                 price             62976.039062    1667.800049     65.839996    599.280029        1.1464      0.08538   298.01001  379.399994   210.690002  537.369995  737.549988  705.059998  281.649994   85.059998   396.23999   31.860001  688.109985       83.0  369.98999   56.549999   21.360001  1133.98999       28.23
                 return                0.034643       0.063127      0.058694      0.043114      0.048417     0.043089         NaN         NaN          NaN         NaN         NaN         NaN         NaN         NaN         NaN         NaN         NaN        NaN        NaN         NaN         NaN         NaN         NaN
                 volume           36867452928.0  16427742208.0  2736840704.0  1316931712.0  2173545728.0  842015808.0  85921000.0  59649300.0  240892100.0  43743300.0  93678100.0  99178800.0  35692400.0  26447100.0  11451900.0  21148800.0  17734700.0  1145100.0  3408100.0  20240900.0  35679100.0  64149400.0  17206800.0
alpha            ts                   -0.014986      -0.017395     -0.020892      -0.00493     -0.012989    -0.014378         NaN         NaN          NaN         NaN         NaN         NaN         NaN         NaN         NaN         NaN         NaN        NaN        NaN         NaN         NaN         NaN         NaN
                 xs                         NaN            NaN           NaN           NaN           NaN          NaN         NaN         NaN          NaN         NaN         NaN         NaN         NaN         NaN         NaN         NaN         NaN        NaN        NaN         NaN         NaN         NaN         NaN
                 pure                       NaN            NaN           NaN           NaN           NaN          NaN         NaN         NaN          NaN         NaN         NaN         NaN         NaN         NaN         NaN         NaN         NaN        NaN        NaN         NaN         NaN         NaN         NaN
                 beta                       1.0            1.0           1.0           1.0           1.0          1.0         1.0         1.0          1.0         1.0         1.0         1.0         1.0         1.0         1.0         1.0         1.0        1.0        1.0         1.0         1.0         1.0         1.0
                 residual              0.033802       0.062534       0.05716      0.042204      0.046794     0.041932         NaN         NaN          NaN         NaN         NaN         NaN         NaN         NaN         NaN         NaN         NaN        NaN        NaN         NaN         NaN         NaN         NaN
                 tstat_iid            32.000813      38.331666     29.964231     27.772485     26.277601    32.592084   14.138746   14.846945    19.901342   21.583758    5.417001    5.284185    4.761278    2.390606    2.762025   13.542227   24.631783  25.628849  25.129612   23.456396   23.132299   18.515066   16.804015
                 tstat_hac            32.000813      38.331666     29.964231     27.772485     26.277601    32.592084   14.138746   14.846945    19.901342   21.583758    5.417001    5.284185    4.761278    2.390606    2.762025   13.542227   24.631783  25.628849  25.129612   23.456396   23.132299   18.515066   16.804015
                 tstat_neweywest      23.329158      27.806917     21.277932     21.623876      16.94187    23.961925    7.128291   10.807068    15.089069   15.378506    3.945782    3.964801    3.984601    2.174299    2.719196    7.612496   11.951243  12.824499  11.656197   16.259813   14.036497   13.606195    12.69889
                 r-squared             0.412583       0.501933      0.381116      0.345986      0.321391     0.421485     0.16622    0.180206     0.283053    0.317081    0.028421    0.027082      0.0221    0.005665    0.007548    0.154618    0.376754   0.395536   0.386183    0.354113    0.347783    0.254709    0.219694
                 coefficient           0.778927       1.189346      1.393247      0.785936      1.172685     1.444711    0.472854    0.481277     1.147349    1.348146     0.12155    0.153638    0.141831    0.050477    0.070742    0.242109    0.427191   0.548804   0.447619    2.552233    3.571212    1.206113    1.669931
risk             volatility            0.025972       0.035954      0.048335      0.028617      0.044303      0.04766     0.01701    0.016628      0.03163    0.035114    0.010598    0.013723    0.014024    0.009858    0.011969    0.009031    0.010208   0.012798   0.010564    0.062904    0.088816    0.035051    0.052254
                 sharpe                0.513694       0.262013      0.503877       0.50459      0.581639      0.38566    0.865777     0.51508     1.523057    1.113564    0.954323    1.066907    0.568077   -0.390358    1.200801      0.5694     1.14709   1.128572   1.097825    1.090253    0.941136    1.631043    0.924742
                 drawdown             -0.512095      -0.675294     -0.792369     -0.563349     -0.692483    -0.825892   -0.334337   -0.341838    -0.415717   -0.630003   -0.189989   -0.228833   -0.278795    -0.31048   -0.200968   -0.176431   -0.189703  -0.222967  -0.195863   -0.676087   -0.933862   -0.578234   -0.765603
                 cvar                 -0.058369      -0.081745     -0.099231     -0.065977     -0.082007    -0.100137   -0.037534   -0.036442    -0.064415   -0.072297   -0.023569    -0.03052    -0.02972   -0.021555    -0.02752   -0.019827   -0.022224  -0.028305  -0.022933   -0.109829   -0.151497   -0.070303   -0.099101
                 decorrelation         0.771169       0.771169      0.771169      0.771169      0.771169     0.771169    0.771169    0.771169     0.771169    0.771169    0.771169    0.771169    0.771169    0.771169    0.771169    0.771169    0.771169   0.771169   0.771169    0.771169    0.771169    0.771169    0.771169
                 wiggle                0.029453       0.029453      0.029453      0.029453      0.029453     0.029453    0.029453    0.029453     0.029453    0.029453    0.029453    0.029453    0.029453    0.029453    0.029453    0.029453    0.029453   0.029453   0.029453    0.029453    0.029453    0.029453    0.029453
transform        rank                    1343.0         1394.0        1326.0        1375.0        1347.0       1265.0         NaN         NaN          NaN         NaN         NaN         NaN         NaN         NaN         NaN         NaN         NaN        NaN        NaN         NaN         NaN         NaN         NaN
                 zscore                1.301496       1.739268      1.182577      1.474793       1.05623     0.879805         NaN         NaN          NaN         NaN         NaN         NaN         NaN         NaN         NaN         NaN         NaN        NaN        NaN         NaN         NaN         NaN         NaN
                 winsor                0.034643       0.060951      0.058694      0.043114      0.048417     0.043089         NaN         NaN          NaN         NaN         NaN         NaN         NaN         NaN         NaN         NaN         NaN        NaN        NaN         NaN         NaN         NaN         NaN
                 tanh                  0.034629       0.063044      0.058627      0.043087      0.048379     0.043063         NaN         NaN          NaN         NaN         NaN         NaN         NaN         NaN         NaN         NaN         NaN        NaN        NaN         NaN         NaN         NaN         NaN
                 detrend               0.044359       0.074679      0.071053      0.045982      0.057658     0.052796         NaN         NaN          NaN         NaN         NaN         NaN         NaN         NaN         NaN         NaN         NaN        NaN        NaN         NaN         NaN         NaN         NaN
portfolio        weight                0.043478       0.043478      0.043478      0.043478      0.043478     0.043478    0.043478    0.043478     0.043478    0.043478    0.043478    0.043478    0.043478    0.043478    0.043478    0.043478    0.043478   0.043478   0.043478    0.043478    0.043478    0.043478    0.043478
                 risk_parity           0.031448       0.022717      0.016898      0.028541      0.018436     0.017137    0.048015    0.049119     0.025823     0.02326    0.077064    0.059515    0.058239    0.082852    0.068237    0.090444    0.080014   0.063817   0.077312    0.012984    0.009196    0.023302     0.01563
                 kelly                 1.245942       0.459063      0.656689      1.110749      0.827035      0.50974    3.206178    1.951333     3.033352    1.997705    5.672175    4.897332    2.551674   -2.494415    6.319698     3.97191    7.078949   5.554836   6.546151    1.091809    0.667512    2.931352    1.114808
                 entropy               3.135494       3.135494      3.135494      3.135494      3.135494     3.135494    3.135494    3.135494     3.135494    3.135494    3.135494    3.135494    3.135494    3.135494    3.135494    3.135494    3.135494   3.135494   3.135494    3.135494    3.135494    3.135494    3.135494
market_structure regime                HIGH_VOL       HIGH_VOL      HIGH_VOL      HIGH_VOL      HIGH_VOL     HIGH_VOL    HIGH_VOL    HIGH_VOL     HIGH_VOL    HIGH_VOL    HIGH_VOL    HIGH_VOL    HIGH_VOL    HIGH_VOL    HIGH_VOL    HIGH_VOL    HIGH_VOL   HIGH_VOL   HIGH_VOL    HIGH_VOL    HIGH_VOL    HIGH_VOL    HIGH_VOL
                 liq_adj_vol           0.029262       0.029262      0.029262      0.029262      0.029262     0.029262    0.029262    0.029262     0.029262    0.029262    0.029262    0.029262    0.029262    0.029262    0.029262    0.029262    0.029262   0.029262   0.029262    0.029262    0.029262    0.029262    0.029262
execution        slippage              0.029262       0.029262      0.029262      0.029262      0.029262     0.029262    0.029262    0.029262     0.029262    0.029262    0.029262    0.029262    0.029262    0.029262    0.029262    0.029262    0.029262   0.029262   0.029262    0.029262    0.029262    0.029262    0.029262
                 impact                0.208514       0.208514      0.208514      0.208514      0.208514     0.208514    0.208514    0.208514     0.208514    0.208514    0.208514    0.208514    0.208514    0.208514    0.208514    0.208514    0.208514   0.208514   0.208514    0.208514    0.208514    0.208514    0.208514
                 turnover                   0.0            0.0           0.0           0.0           0.0          0.0         0.0         0.0          0.0         0.0         0.0         0.0         0.0         0.0         0.0         0.0         0.0        0.0        0.0         0.0         0.0         0.0         0.0
intel            ic                   -0.028246      -0.025645     -0.003142     -0.022742     -0.054465     0.017235    0.017792     0.03905    -0.038095   -0.010364   -0.027242   -0.015587   -0.015642   -0.049431    -0.02184   -0.009989   -0.022273  -0.022978  -0.032867    -0.00046    0.005972    0.002727   -0.028477
decision         score                      NaN            NaN           NaN           NaN           NaN          NaN         NaN         NaN          NaN         NaN         NaN         NaN         NaN         NaN         NaN         NaN         NaN        NaN        NaN         NaN         NaN         NaN         NaN
                 signal                    SELL           SELL          SELL          SELL          SELL         SELL        SELL        SELL         SELL        SELL        SELL        SELL        SELL        SELL        SELL        SELL        SELL       SELL       SELL        SELL        SELL        SELL        SELL
[QuantX] VolatilityStrategy OK
[BASE] structured data                                          BTCUSDT        ETHUSDT       SOLUSDT       BNBUSDT       XRPUSDT     DOGEUSDT        AAPL        MSFT         NVDA         AMD         SPY         QQQ         IWM         TLT         GLD        SCHD         VOO       VOOG        VTI        IONQ        RGTI          MU          PL
category         metric                                                                                                                                                                                                                                                                                                         
market           symbol                 BTCUSDT        ETHUSDT       SOLUSDT       BNBUSDT       XRPUSDT     DOGEUSDT        AAPL        MSFT         NVDA         AMD         SPY         QQQ         IWM         TLT         GLD        SCHD         VOO       VOOG        VTI        IONQ        RGTI          MU          PL
                 price             62976.039062    1667.800049     65.839996    599.280029        1.1464      0.08538   298.01001  379.399994   210.690002  537.369995  737.549988  705.059998  281.649994   85.059998   396.23999   31.860001  688.109985       83.0  369.98999   56.549999   21.360001  1133.98999       28.23
                 return                0.034643       0.063127      0.058694      0.043114      0.048417     0.043089         NaN         NaN          NaN         NaN         NaN         NaN         NaN         NaN         NaN         NaN         NaN        NaN        NaN         NaN         NaN         NaN         NaN
                 volume           36867452928.0  16427742208.0  2736840704.0  1316931712.0  2173545728.0  842015808.0  85921000.0  59649300.0  240892100.0  43743300.0  93678100.0  99178800.0  35692400.0  26447100.0  11451900.0  21148800.0  17734700.0  1145100.0  3408100.0  20240900.0  35679100.0  64149400.0  17206800.0
alpha            ts                   -0.014986      -0.017395     -0.020892      -0.00493     -0.012989    -0.014378         NaN         NaN          NaN         NaN         NaN         NaN         NaN         NaN         NaN         NaN         NaN        NaN        NaN         NaN         NaN         NaN         NaN
                 xs                         NaN            NaN           NaN           NaN           NaN          NaN         NaN         NaN          NaN         NaN         NaN         NaN         NaN         NaN         NaN         NaN         NaN        NaN        NaN         NaN         NaN         NaN         NaN
                 pure                       NaN            NaN           NaN           NaN           NaN          NaN         NaN         NaN          NaN         NaN         NaN         NaN         NaN         NaN         NaN         NaN         NaN        NaN        NaN         NaN         NaN         NaN         NaN
                 beta                       1.0            1.0           1.0           1.0           1.0          1.0         1.0         1.0          1.0         1.0         1.0         1.0         1.0         1.0         1.0         1.0         1.0        1.0        1.0         1.0         1.0         1.0         1.0
                 residual              0.033802       0.062534       0.05716      0.042204      0.046794     0.041932         NaN         NaN          NaN         NaN         NaN         NaN         NaN         NaN         NaN         NaN         NaN        NaN        NaN         NaN         NaN         NaN         NaN
                 tstat_iid            32.000813      38.331666     29.964231     27.772485     26.277601    32.592084   14.138746   14.846945    19.901342   21.583758    5.417001    5.284185    4.761278    2.390606    2.762025   13.542227   24.631783  25.628849  25.129612   23.456396   23.132299   18.515066   16.804015
                 tstat_hac            32.000813      38.331666     29.964231     27.772485     26.277601    32.592084   14.138746   14.846945    19.901342   21.583758    5.417001    5.284185    4.761278    2.390606    2.762025   13.542227   24.631783  25.628849  25.129612   23.456396   23.132299   18.515066   16.804015
                 tstat_neweywest      23.329158      27.806917     21.277932     21.623876      16.94187    23.961925    7.128291   10.807068    15.089069   15.378506    3.945782    3.964801    3.984601    2.174299    2.719196    7.612496   11.951243  12.824499  11.656197   16.259813   14.036497   13.606195    12.69889
                 r-squared             0.412583       0.501933      0.381116      0.345986      0.321391     0.421485     0.16622    0.180206     0.283053    0.317081    0.028421    0.027082      0.0221    0.005665    0.007548    0.154618    0.376754   0.395536   0.386183    0.354113    0.347783    0.254709    0.219694
                 coefficient           0.778927       1.189346      1.393247      0.785936      1.172685     1.444711    0.472854    0.481277     1.147349    1.348146     0.12155    0.153638    0.141831    0.050477    0.070742    0.242109    0.427191   0.548804   0.447619    2.552233    3.571212    1.206113    1.669931
risk             volatility            0.025972       0.035954      0.048335      0.028617      0.044303      0.04766     0.01701    0.016628      0.03163    0.035114    0.010598    0.013723    0.014024    0.009858    0.011969    0.009031    0.010208   0.012798   0.010564    0.062904    0.088816    0.035051    0.052254
                 sharpe                0.513694       0.262013      0.503877       0.50459      0.581639      0.38566    0.865777     0.51508     1.523057    1.113564    0.954323    1.066907    0.568077   -0.390358    1.200801      0.5694     1.14709   1.128572   1.097825    1.090253    0.941136    1.631043    0.924742
                 drawdown             -0.512095      -0.675294     -0.792369     -0.563349     -0.692483    -0.825892   -0.334337   -0.341838    -0.415717   -0.630003   -0.189989   -0.228833   -0.278795    -0.31048   -0.200968   -0.176431   -0.189703  -0.222967  -0.195863   -0.676087   -0.933862   -0.578234   -0.765603
                 cvar                 -0.058369      -0.081745     -0.099231     -0.065977     -0.082007    -0.100137   -0.037534   -0.036442    -0.064415   -0.072297   -0.023569    -0.03052    -0.02972   -0.021555    -0.02752   -0.019827   -0.022224  -0.028305  -0.022933   -0.109829   -0.151497   -0.070303   -0.099101
                 decorrelation         0.771169       0.771169      0.771169      0.771169      0.771169     0.771169    0.771169    0.771169     0.771169    0.771169    0.771169    0.771169    0.771169    0.771169    0.771169    0.771169    0.771169   0.771169   0.771169    0.771169    0.771169    0.771169    0.771169
                 wiggle                0.029453       0.029453      0.029453      0.029453      0.029453     0.029453    0.029453    0.029453     0.029453    0.029453    0.029453    0.029453    0.029453    0.029453    0.029453    0.029453    0.029453   0.029453   0.029453    0.029453    0.029453    0.029453    0.029453
transform        rank                    1343.0         1394.0        1326.0        1375.0        1347.0       1265.0         NaN         NaN          NaN         NaN         NaN         NaN         NaN         NaN         NaN         NaN         NaN        NaN        NaN         NaN         NaN         NaN         NaN
                 zscore                1.301496       1.739268      1.182577      1.474793       1.05623     0.879805         NaN         NaN          NaN         NaN         NaN         NaN         NaN         NaN         NaN         NaN         NaN        NaN        NaN         NaN         NaN         NaN         NaN
                 winsor                0.034643       0.060951      0.058694      0.043114      0.048417     0.043089         NaN         NaN          NaN         NaN         NaN         NaN         NaN         NaN         NaN         NaN         NaN        NaN        NaN         NaN         NaN         NaN         NaN
                 tanh                  0.034629       0.063044      0.058627      0.043087      0.048379     0.043063         NaN         NaN          NaN         NaN         NaN         NaN         NaN         NaN         NaN         NaN         NaN        NaN        NaN         NaN         NaN         NaN         NaN
                 detrend               0.044359       0.074679      0.071053      0.045982      0.057658     0.052796         NaN         NaN          NaN         NaN         NaN         NaN         NaN         NaN         NaN         NaN         NaN        NaN        NaN         NaN         NaN         NaN         NaN
portfolio        weight                0.043478       0.043478      0.043478      0.043478      0.043478     0.043478    0.043478    0.043478     0.043478    0.043478    0.043478    0.043478    0.043478    0.043478    0.043478    0.043478    0.043478   0.043478   0.043478    0.043478    0.043478    0.043478    0.043478
                 risk_parity           0.031448       0.022717      0.016898      0.028541      0.018436     0.017137    0.048015    0.049119     0.025823     0.02326    0.077064    0.059515    0.058239    0.082852    0.068237    0.090444    0.080014   0.063817   0.077312    0.012984    0.009196    0.023302     0.01563
                 kelly                 1.245942       0.459063      0.656689      1.110749      0.827035      0.50974    3.206178    1.951333     3.033352    1.997705    5.672175    4.897332    2.551674   -2.494415    6.319698     3.97191    7.078949   5.554836   6.546151    1.091809    0.667512    2.931352    1.114808
                 entropy               3.135494       3.135494      3.135494      3.135494      3.135494     3.135494    3.135494    3.135494     3.135494    3.135494    3.135494    3.135494    3.135494    3.135494    3.135494    3.135494    3.135494   3.135494   3.135494    3.135494    3.135494    3.135494    3.135494
market_structure regime                HIGH_VOL       HIGH_VOL      HIGH_VOL      HIGH_VOL      HIGH_VOL     HIGH_VOL    HIGH_VOL    HIGH_VOL     HIGH_VOL    HIGH_VOL    HIGH_VOL    HIGH_VOL    HIGH_VOL    HIGH_VOL    HIGH_VOL    HIGH_VOL    HIGH_VOL   HIGH_VOL   HIGH_VOL    HIGH_VOL    HIGH_VOL    HIGH_VOL    HIGH_VOL
                 liq_adj_vol           0.029262       0.029262      0.029262      0.029262      0.029262     0.029262    0.029262    0.029262     0.029262    0.029262    0.029262    0.029262    0.029262    0.029262    0.029262    0.029262    0.029262   0.029262   0.029262    0.029262    0.029262    0.029262    0.029262
execution        slippage              0.029262       0.029262      0.029262      0.029262      0.029262     0.029262    0.029262    0.029262     0.029262    0.029262    0.029262    0.029262    0.029262    0.029262    0.029262    0.029262    0.029262   0.029262   0.029262    0.029262    0.029262    0.029262    0.029262
                 impact                0.208514       0.208514      0.208514      0.208514      0.208514     0.208514    0.208514    0.208514     0.208514    0.208514    0.208514    0.208514    0.208514    0.208514    0.208514    0.208514    0.208514   0.208514   0.208514    0.208514    0.208514    0.208514    0.208514
                 turnover                   0.0            0.0           0.0           0.0           0.0          0.0         0.0         0.0          0.0         0.0         0.0         0.0         0.0         0.0         0.0         0.0         0.0        0.0        0.0         0.0         0.0         0.0         0.0
intel            ic                   -0.028246      -0.025645     -0.003142     -0.022742     -0.054465     0.017235    0.017792     0.03905    -0.038095   -0.010364   -0.027242   -0.015587   -0.015642   -0.049431    -0.02184   -0.009989   -0.022273  -0.022978  -0.032867    -0.00046    0.005972    0.002727   -0.028477
decision         score                      NaN            NaN           NaN           NaN           NaN          NaN         NaN         NaN          NaN         NaN         NaN         NaN         NaN         NaN         NaN         NaN         NaN        NaN        NaN         NaN         NaN         NaN         NaN
                 signal                    SELL           SELL          SELL          SELL          SELL         SELL        SELL        SELL         SELL        SELL        SELL        SELL        SELL        SELL        SELL        SELL        SELL       SELL       SELL        SELL        SELL        SELL        SELL
[QuantX] ForecastStrategy OK
[BASE] structured data                                          BTCUSDT        ETHUSDT       SOLUSDT       BNBUSDT       XRPUSDT     DOGEUSDT        AAPL        MSFT         NVDA         AMD         SPY         QQQ         IWM         TLT         GLD        SCHD         VOO       VOOG        VTI        IONQ        RGTI          MU          PL
category         metric                                                                                                                                                                                                                                                                                                         
market           symbol                 BTCUSDT        ETHUSDT       SOLUSDT       BNBUSDT       XRPUSDT     DOGEUSDT        AAPL        MSFT         NVDA         AMD         SPY         QQQ         IWM         TLT         GLD        SCHD         VOO       VOOG        VTI        IONQ        RGTI          MU          PL
                 price             62976.039062    1667.800049     65.839996    599.280029        1.1464      0.08538   298.01001  379.399994   210.690002  537.369995  737.549988  705.059998  281.649994   85.059998   396.23999   31.860001  688.109985       83.0  369.98999   56.549999   21.360001  1133.98999       28.23
                 return                0.034643       0.063127      0.058694      0.043114      0.048417     0.043089         NaN         NaN          NaN         NaN         NaN         NaN         NaN         NaN         NaN         NaN         NaN        NaN        NaN         NaN         NaN         NaN         NaN
                 volume           36867452928.0  16427742208.0  2736840704.0  1316931712.0  2173545728.0  842015808.0  85921000.0  59649300.0  240892100.0  43743300.0  93678100.0  99178800.0  35692400.0  26447100.0  11451900.0  21148800.0  17734700.0  1145100.0  3408100.0  20240900.0  35679100.0  64149400.0  17206800.0
alpha            ts                   -0.014986      -0.017395     -0.020892      -0.00493     -0.012989    -0.014378         NaN         NaN          NaN         NaN         NaN         NaN         NaN         NaN         NaN         NaN         NaN        NaN        NaN         NaN         NaN         NaN         NaN
                 xs                         NaN            NaN           NaN           NaN           NaN          NaN         NaN         NaN          NaN         NaN         NaN         NaN         NaN         NaN         NaN         NaN         NaN        NaN        NaN         NaN         NaN         NaN         NaN
                 pure                       NaN            NaN           NaN           NaN           NaN          NaN         NaN         NaN          NaN         NaN         NaN         NaN         NaN         NaN         NaN         NaN         NaN        NaN        NaN         NaN         NaN         NaN         NaN
                 beta                       1.0            1.0           1.0           1.0           1.0          1.0         1.0         1.0          1.0         1.0         1.0         1.0         1.0         1.0         1.0         1.0         1.0        1.0        1.0         1.0         1.0         1.0         1.0
                 residual              0.033802       0.062534       0.05716      0.042204      0.046794     0.041932         NaN         NaN          NaN         NaN         NaN         NaN         NaN         NaN         NaN         NaN         NaN        NaN        NaN         NaN         NaN         NaN         NaN
                 tstat_iid            32.000813      38.331666     29.964231     27.772485     26.277601    32.592084   14.138746   14.846945    19.901342   21.583758    5.417001    5.284185    4.761278    2.390606    2.762025   13.542227   24.631783  25.628849  25.129612   23.456396   23.132299   18.515066   16.804015
                 tstat_hac            32.000813      38.331666     29.964231     27.772485     26.277601    32.592084   14.138746   14.846945    19.901342   21.583758    5.417001    5.284185    4.761278    2.390606    2.762025   13.542227   24.631783  25.628849  25.129612   23.456396   23.132299   18.515066   16.804015
                 tstat_neweywest      23.329158      27.806917     21.277932     21.623876      16.94187    23.961925    7.128291   10.807068    15.089069   15.378506    3.945782    3.964801    3.984601    2.174299    2.719196    7.612496   11.951243  12.824499  11.656197   16.259813   14.036497   13.606195    12.69889
                 r-squared             0.412583       0.501933      0.381116      0.345986      0.321391     0.421485     0.16622    0.180206     0.283053    0.317081    0.028421    0.027082      0.0221    0.005665    0.007548    0.154618    0.376754   0.395536   0.386183    0.354113    0.347783    0.254709    0.219694
                 coefficient           0.778927       1.189346      1.393247      0.785936      1.172685     1.444711    0.472854    0.481277     1.147349    1.348146     0.12155    0.153638    0.141831    0.050477    0.070742    0.242109    0.427191   0.548804   0.447619    2.552233    3.571212    1.206113    1.669931
risk             volatility            0.025972       0.035954      0.048335      0.028617      0.044303      0.04766     0.01701    0.016628      0.03163    0.035114    0.010598    0.013723    0.014024    0.009858    0.011969    0.009031    0.010208   0.012798   0.010564    0.062904    0.088816    0.035051    0.052254
                 sharpe                0.513694       0.262013      0.503877       0.50459      0.581639      0.38566    0.865777     0.51508     1.523057    1.113564    0.954323    1.066907    0.568077   -0.390358    1.200801      0.5694     1.14709   1.128572   1.097825    1.090253    0.941136    1.631043    0.924742
                 drawdown             -0.512095      -0.675294     -0.792369     -0.563349     -0.692483    -0.825892   -0.334337   -0.341838    -0.415717   -0.630003   -0.189989   -0.228833   -0.278795    -0.31048   -0.200968   -0.176431   -0.189703  -0.222967  -0.195863   -0.676087   -0.933862   -0.578234   -0.765603
                 cvar                 -0.058369      -0.081745     -0.099231     -0.065977     -0.082007    -0.100137   -0.037534   -0.036442    -0.064415   -0.072297   -0.023569    -0.03052    -0.02972   -0.021555    -0.02752   -0.019827   -0.022224  -0.028305  -0.022933   -0.109829   -0.151497   -0.070303   -0.099101
                 decorrelation         0.771169       0.771169      0.771169      0.771169      0.771169     0.771169    0.771169    0.771169     0.771169    0.771169    0.771169    0.771169    0.771169    0.771169    0.771169    0.771169    0.771169   0.771169   0.771169    0.771169    0.771169    0.771169    0.771169
                 wiggle                0.029453       0.029453      0.029453      0.029453      0.029453     0.029453    0.029453    0.029453     0.029453    0.029453    0.029453    0.029453    0.029453    0.029453    0.029453    0.029453    0.029453   0.029453   0.029453    0.029453    0.029453    0.029453    0.029453
transform        rank                    1343.0         1394.0        1326.0        1375.0        1347.0       1265.0         NaN         NaN          NaN         NaN         NaN         NaN         NaN         NaN         NaN         NaN         NaN        NaN        NaN         NaN         NaN         NaN         NaN
                 zscore                1.301496       1.739268      1.182577      1.474793       1.05623     0.879805         NaN         NaN          NaN         NaN         NaN         NaN         NaN         NaN         NaN         NaN         NaN        NaN        NaN         NaN         NaN         NaN         NaN
                 winsor                0.034643       0.060951      0.058694      0.043114      0.048417     0.043089         NaN         NaN          NaN         NaN         NaN         NaN         NaN         NaN         NaN         NaN         NaN        NaN        NaN         NaN         NaN         NaN         NaN
                 tanh                  0.034629       0.063044      0.058627      0.043087      0.048379     0.043063         NaN         NaN          NaN         NaN         NaN         NaN         NaN         NaN         NaN         NaN         NaN        NaN        NaN         NaN         NaN         NaN         NaN
                 detrend               0.044359       0.074679      0.071053      0.045982      0.057658     0.052796         NaN         NaN          NaN         NaN         NaN         NaN         NaN         NaN         NaN         NaN         NaN        NaN        NaN         NaN         NaN         NaN         NaN
portfolio        weight                0.043478       0.043478      0.043478      0.043478      0.043478     0.043478    0.043478    0.043478     0.043478    0.043478    0.043478    0.043478    0.043478    0.043478    0.043478    0.043478    0.043478   0.043478   0.043478    0.043478    0.043478    0.043478    0.043478
                 risk_parity           0.031448       0.022717      0.016898      0.028541      0.018436     0.017137    0.048015    0.049119     0.025823     0.02326    0.077064    0.059515    0.058239    0.082852    0.068237    0.090444    0.080014   0.063817   0.077312    0.012984    0.009196    0.023302     0.01563
                 kelly                 1.245942       0.459063      0.656689      1.110749      0.827035      0.50974    3.206178    1.951333     3.033352    1.997705    5.672175    4.897332    2.551674   -2.494415    6.319698     3.97191    7.078949   5.554836   6.546151    1.091809    0.667512    2.931352    1.114808
                 entropy               3.135494       3.135494      3.135494      3.135494      3.135494     3.135494    3.135494    3.135494     3.135494    3.135494    3.135494    3.135494    3.135494    3.135494    3.135494    3.135494    3.135494   3.135494   3.135494    3.135494    3.135494    3.135494    3.135494
market_structure regime                HIGH_VOL       HIGH_VOL      HIGH_VOL      HIGH_VOL      HIGH_VOL     HIGH_VOL    HIGH_VOL    HIGH_VOL     HIGH_VOL    HIGH_VOL    HIGH_VOL    HIGH_VOL    HIGH_VOL    HIGH_VOL    HIGH_VOL    HIGH_VOL    HIGH_VOL   HIGH_VOL   HIGH_VOL    HIGH_VOL    HIGH_VOL    HIGH_VOL    HIGH_VOL
                 liq_adj_vol           0.029262       0.029262      0.029262      0.029262      0.029262     0.029262    0.029262    0.029262     0.029262    0.029262    0.029262    0.029262    0.029262    0.029262    0.029262    0.029262    0.029262   0.029262   0.029262    0.029262    0.029262    0.029262    0.029262
execution        slippage              0.029262       0.029262      0.029262      0.029262      0.029262     0.029262    0.029262    0.029262     0.029262    0.029262    0.029262    0.029262    0.029262    0.029262    0.029262    0.029262    0.029262   0.029262   0.029262    0.029262    0.029262    0.029262    0.029262
                 impact                0.208514       0.208514      0.208514      0.208514      0.208514     0.208514    0.208514    0.208514     0.208514    0.208514    0.208514    0.208514    0.208514    0.208514    0.208514    0.208514    0.208514   0.208514   0.208514    0.208514    0.208514    0.208514    0.208514
                 turnover                   0.0            0.0           0.0           0.0           0.0          0.0         0.0         0.0          0.0         0.0         0.0         0.0         0.0         0.0         0.0         0.0         0.0        0.0        0.0         0.0         0.0         0.0         0.0
intel            ic                   -0.028246      -0.025645     -0.003142     -0.022742     -0.054465     0.017235    0.017792     0.03905    -0.038095   -0.010364   -0.027242   -0.015587   -0.015642   -0.049431    -0.02184   -0.009989   -0.022273  -0.022978  -0.032867    -0.00046    0.005972    0.002727   -0.028477
decision         score                      NaN            NaN           NaN           NaN           NaN          NaN         NaN         NaN          NaN         NaN         NaN         NaN         NaN         NaN         NaN         NaN         NaN        NaN        NaN         NaN         NaN         NaN         NaN
                 signal                    SELL           SELL          SELL          SELL          SELL         SELL        SELL        SELL         SELL        SELL        SELL        SELL        SELL        SELL        SELL        SELL        SELL       SELL       SELL        SELL        SELL        SELL        SELL
[QuantX] IndustryMomentumStrategy OK
[BASE] structured data                                          BTCUSDT        ETHUSDT       SOLUSDT       BNBUSDT       XRPUSDT     DOGEUSDT        AAPL        MSFT         NVDA         AMD         SPY         QQQ         IWM         TLT         GLD        SCHD         VOO       VOOG        VTI        IONQ        RGTI          MU          PL
category         metric                                                                                                                                                                                                                                                                                                         
market           symbol                 BTCUSDT        ETHUSDT       SOLUSDT       BNBUSDT       XRPUSDT     DOGEUSDT        AAPL        MSFT         NVDA         AMD         SPY         QQQ         IWM         TLT         GLD        SCHD         VOO       VOOG        VTI        IONQ        RGTI          MU          PL
                 price             62976.039062    1667.800049     65.839996    599.280029        1.1464      0.08538   298.01001  379.399994   210.690002  537.369995  737.549988  705.059998  281.649994   85.059998   396.23999   31.860001  688.109985       83.0  369.98999   56.549999   21.360001  1133.98999       28.23
                 return                0.034643       0.063127      0.058694      0.043114      0.048417     0.043089         NaN         NaN          NaN         NaN         NaN         NaN         NaN         NaN         NaN         NaN         NaN        NaN        NaN         NaN         NaN         NaN         NaN
                 volume           36867452928.0  16427742208.0  2736840704.0  1316931712.0  2173545728.0  842015808.0  85921000.0  59649300.0  240892100.0  43743300.0  93678100.0  99178800.0  35692400.0  26447100.0  11451900.0  21148800.0  17734700.0  1145100.0  3408100.0  20240900.0  35679100.0  64149400.0  17206800.0
alpha            ts                   -0.014986      -0.017395     -0.020892      -0.00493     -0.012989    -0.014378         NaN         NaN          NaN         NaN         NaN         NaN         NaN         NaN         NaN         NaN         NaN        NaN        NaN         NaN         NaN         NaN         NaN
                 xs                         NaN            NaN           NaN           NaN           NaN          NaN         NaN         NaN          NaN         NaN         NaN         NaN         NaN         NaN         NaN         NaN         NaN        NaN        NaN         NaN         NaN         NaN         NaN
                 pure                       NaN            NaN           NaN           NaN           NaN          NaN         NaN         NaN          NaN         NaN         NaN         NaN         NaN         NaN         NaN         NaN         NaN        NaN        NaN         NaN         NaN         NaN         NaN
                 beta                       1.0            1.0           1.0           1.0           1.0          1.0         1.0         1.0          1.0         1.0         1.0         1.0         1.0         1.0         1.0         1.0         1.0        1.0        1.0         1.0         1.0         1.0         1.0
                 residual              0.033802       0.062534       0.05716      0.042204      0.046794     0.041932         NaN         NaN          NaN         NaN         NaN         NaN         NaN         NaN         NaN         NaN         NaN        NaN        NaN         NaN         NaN         NaN         NaN
                 tstat_iid            32.000813      38.331666     29.964231     27.772485     26.277601    32.592084   14.138746   14.846945    19.901342   21.583758    5.417001    5.284185    4.761278    2.390606    2.762025   13.542227   24.631783  25.628849  25.129612   23.456396   23.132299   18.515066   16.804015
                 tstat_hac            32.000813      38.331666     29.964231     27.772485     26.277601    32.592084   14.138746   14.846945    19.901342   21.583758    5.417001    5.284185    4.761278    2.390606    2.762025   13.542227   24.631783  25.628849  25.129612   23.456396   23.132299   18.515066   16.804015
                 tstat_neweywest      23.329158      27.806917     21.277932     21.623876      16.94187    23.961925    7.128291   10.807068    15.089069   15.378506    3.945782    3.964801    3.984601    2.174299    2.719196    7.612496   11.951243  12.824499  11.656197   16.259813   14.036497   13.606195    12.69889
                 r-squared             0.412583       0.501933      0.381116      0.345986      0.321391     0.421485     0.16622    0.180206     0.283053    0.317081    0.028421    0.027082      0.0221    0.005665    0.007548    0.154618    0.376754   0.395536   0.386183    0.354113    0.347783    0.254709    0.219694
                 coefficient           0.778927       1.189346      1.393247      0.785936      1.172685     1.444711    0.472854    0.481277     1.147349    1.348146     0.12155    0.153638    0.141831    0.050477    0.070742    0.242109    0.427191   0.548804   0.447619    2.552233    3.571212    1.206113    1.669931
risk             volatility            0.025972       0.035954      0.048335      0.028617      0.044303      0.04766     0.01701    0.016628      0.03163    0.035114    0.010598    0.013723    0.014024    0.009858    0.011969    0.009031    0.010208   0.012798   0.010564    0.062904    0.088816    0.035051    0.052254
                 sharpe                0.513694       0.262013      0.503877       0.50459      0.581639      0.38566    0.865777     0.51508     1.523057    1.113564    0.954323    1.066907    0.568077   -0.390358    1.200801      0.5694     1.14709   1.128572   1.097825    1.090253    0.941136    1.631043    0.924742
                 drawdown             -0.512095      -0.675294     -0.792369     -0.563349     -0.692483    -0.825892   -0.334337   -0.341838    -0.415717   -0.630003   -0.189989   -0.228833   -0.278795    -0.31048   -0.200968   -0.176431   -0.189703  -0.222967  -0.195863   -0.676087   -0.933862   -0.578234   -0.765603
                 cvar                 -0.058369      -0.081745     -0.099231     -0.065977     -0.082007    -0.100137   -0.037534   -0.036442    -0.064415   -0.072297   -0.023569    -0.03052    -0.02972   -0.021555    -0.02752   -0.019827   -0.022224  -0.028305  -0.022933   -0.109829   -0.151497   -0.070303   -0.099101
                 decorrelation         0.771169       0.771169      0.771169      0.771169      0.771169     0.771169    0.771169    0.771169     0.771169    0.771169    0.771169    0.771169    0.771169    0.771169    0.771169    0.771169    0.771169   0.771169   0.771169    0.771169    0.771169    0.771169    0.771169
                 wiggle                0.029453       0.029453      0.029453      0.029453      0.029453     0.029453    0.029453    0.029453     0.029453    0.029453    0.029453    0.029453    0.029453    0.029453    0.029453    0.029453    0.029453   0.029453   0.029453    0.029453    0.029453    0.029453    0.029453
transform        rank                    1343.0         1394.0        1326.0        1375.0        1347.0       1265.0         NaN         NaN          NaN         NaN         NaN         NaN         NaN         NaN         NaN         NaN         NaN        NaN        NaN         NaN         NaN         NaN         NaN
                 zscore                1.301496       1.739268      1.182577      1.474793       1.05623     0.879805         NaN         NaN          NaN         NaN         NaN         NaN         NaN         NaN         NaN         NaN         NaN        NaN        NaN         NaN         NaN         NaN         NaN
                 winsor                0.034643       0.060951      0.058694      0.043114      0.048417     0.043089         NaN         NaN          NaN         NaN         NaN         NaN         NaN         NaN         NaN         NaN         NaN        NaN        NaN         NaN         NaN         NaN         NaN
                 tanh                  0.034629       0.063044      0.058627      0.043087      0.048379     0.043063         NaN         NaN          NaN         NaN         NaN         NaN         NaN         NaN         NaN         NaN         NaN        NaN        NaN         NaN         NaN         NaN         NaN
                 detrend               0.044359       0.074679      0.071053      0.045982      0.057658     0.052796         NaN         NaN          NaN         NaN         NaN         NaN         NaN         NaN         NaN         NaN         NaN        NaN        NaN         NaN         NaN         NaN         NaN
portfolio        weight                0.043478       0.043478      0.043478      0.043478      0.043478     0.043478    0.043478    0.043478     0.043478    0.043478    0.043478    0.043478    0.043478    0.043478    0.043478    0.043478    0.043478   0.043478   0.043478    0.043478    0.043478    0.043478    0.043478
                 risk_parity           0.031448       0.022717      0.016898      0.028541      0.018436     0.017137    0.048015    0.049119     0.025823     0.02326    0.077064    0.059515    0.058239    0.082852    0.068237    0.090444    0.080014   0.063817   0.077312    0.012984    0.009196    0.023302     0.01563
                 kelly                 1.245942       0.459063      0.656689      1.110749      0.827035      0.50974    3.206178    1.951333     3.033352    1.997705    5.672175    4.897332    2.551674   -2.494415    6.319698     3.97191    7.078949   5.554836   6.546151    1.091809    0.667512    2.931352    1.114808
                 entropy               3.135494       3.135494      3.135494      3.135494      3.135494     3.135494    3.135494    3.135494     3.135494    3.135494    3.135494    3.135494    3.135494    3.135494    3.135494    3.135494    3.135494   3.135494   3.135494    3.135494    3.135494    3.135494    3.135494
market_structure regime                HIGH_VOL       HIGH_VOL      HIGH_VOL      HIGH_VOL      HIGH_VOL     HIGH_VOL    HIGH_VOL    HIGH_VOL     HIGH_VOL    HIGH_VOL    HIGH_VOL    HIGH_VOL    HIGH_VOL    HIGH_VOL    HIGH_VOL    HIGH_VOL    HIGH_VOL   HIGH_VOL   HIGH_VOL    HIGH_VOL    HIGH_VOL    HIGH_VOL    HIGH_VOL
                 liq_adj_vol           0.029262       0.029262      0.029262      0.029262      0.029262     0.029262    0.029262    0.029262     0.029262    0.029262    0.029262    0.029262    0.029262    0.029262    0.029262    0.029262    0.029262   0.029262   0.029262    0.029262    0.029262    0.029262    0.029262
execution        slippage              0.029262       0.029262      0.029262      0.029262      0.029262     0.029262    0.029262    0.029262     0.029262    0.029262    0.029262    0.029262    0.029262    0.029262    0.029262    0.029262    0.029262   0.029262   0.029262    0.029262    0.029262    0.029262    0.029262
                 impact                0.208514       0.208514      0.208514      0.208514      0.208514     0.208514    0.208514    0.208514     0.208514    0.208514    0.208514    0.208514    0.208514    0.208514    0.208514    0.208514    0.208514   0.208514   0.208514    0.208514    0.208514    0.208514    0.208514
                 turnover                   0.0            0.0           0.0           0.0           0.0          0.0         0.0         0.0          0.0         0.0         0.0         0.0         0.0         0.0         0.0         0.0         0.0        0.0        0.0         0.0         0.0         0.0         0.0
intel            ic                   -0.028246      -0.025645     -0.003142     -0.022742     -0.054465     0.017235    0.017792     0.03905    -0.038095   -0.010364   -0.027242   -0.015587   -0.015642   -0.049431    -0.02184   -0.009989   -0.022273  -0.022978  -0.032867    -0.00046    0.005972    0.002727   -0.028477
decision         score                      NaN            NaN           NaN           NaN           NaN          NaN         NaN         NaN          NaN         NaN         NaN         NaN         NaN         NaN         NaN         NaN         NaN        NaN        NaN         NaN         NaN         NaN         NaN
                 signal                    SELL           SELL          SELL          SELL          SELL         SELL        SELL        SELL         SELL        SELL        SELL        SELL        SELL        SELL        SELL        SELL        SELL       SELL       SELL        SELL        SELL        SELL        SELL
[QuantX] PairTradingFallback OK
[BASE] structured data                                          BTCUSDT        ETHUSDT       SOLUSDT       BNBUSDT       XRPUSDT     DOGEUSDT        AAPL        MSFT         NVDA         AMD         SPY         QQQ         IWM         TLT         GLD        SCHD         VOO       VOOG        VTI        IONQ        RGTI          MU          PL
category         metric                                                                                                                                                                                                                                                                                                         
market           symbol                 BTCUSDT        ETHUSDT       SOLUSDT       BNBUSDT       XRPUSDT     DOGEUSDT        AAPL        MSFT         NVDA         AMD         SPY         QQQ         IWM         TLT         GLD        SCHD         VOO       VOOG        VTI        IONQ        RGTI          MU          PL
                 price             62976.039062    1667.800049     65.839996    599.280029        1.1464      0.08538   298.01001  379.399994   210.690002  537.369995  737.549988  705.059998  281.649994   85.059998   396.23999   31.860001  688.109985       83.0  369.98999   56.549999   21.360001  1133.98999       28.23
                 return                0.034643       0.063127      0.058694      0.043114      0.048417     0.043089         NaN         NaN          NaN         NaN         NaN         NaN         NaN         NaN         NaN         NaN         NaN        NaN        NaN         NaN         NaN         NaN         NaN
                 volume           36867452928.0  16427742208.0  2736840704.0  1316931712.0  2173545728.0  842015808.0  85921000.0  59649300.0  240892100.0  43743300.0  93678100.0  99178800.0  35692400.0  26447100.0  11451900.0  21148800.0  17734700.0  1145100.0  3408100.0  20240900.0  35679100.0  64149400.0  17206800.0
alpha            ts                   -0.014986      -0.017395     -0.020892      -0.00493     -0.012989    -0.014378         NaN         NaN          NaN         NaN         NaN         NaN         NaN         NaN         NaN         NaN         NaN        NaN        NaN         NaN         NaN         NaN         NaN
                 xs                         NaN            NaN           NaN           NaN           NaN          NaN         NaN         NaN          NaN         NaN         NaN         NaN         NaN         NaN         NaN         NaN         NaN        NaN        NaN         NaN         NaN         NaN         NaN
                 pure                       NaN            NaN           NaN           NaN           NaN          NaN         NaN         NaN          NaN         NaN         NaN         NaN         NaN         NaN         NaN         NaN         NaN        NaN        NaN         NaN         NaN         NaN         NaN
                 beta                       1.0            1.0           1.0           1.0           1.0          1.0         1.0         1.0          1.0         1.0         1.0         1.0         1.0         1.0         1.0         1.0         1.0        1.0        1.0         1.0         1.0         1.0         1.0
                 residual              0.033802       0.062534       0.05716      0.042204      0.046794     0.041932         NaN         NaN          NaN         NaN         NaN         NaN         NaN         NaN         NaN         NaN         NaN        NaN        NaN         NaN         NaN         NaN         NaN
                 tstat_iid            32.000813      38.331666     29.964231     27.772485     26.277601    32.592084   14.138746   14.846945    19.901342   21.583758    5.417001    5.284185    4.761278    2.390606    2.762025   13.542227   24.631783  25.628849  25.129612   23.456396   23.132299   18.515066   16.804015
                 tstat_hac            32.000813      38.331666     29.964231     27.772485     26.277601    32.592084   14.138746   14.846945    19.901342   21.583758    5.417001    5.284185    4.761278    2.390606    2.762025   13.542227   24.631783  25.628849  25.129612   23.456396   23.132299   18.515066   16.804015
                 tstat_neweywest      23.329158      27.806917     21.277932     21.623876      16.94187    23.961925    7.128291   10.807068    15.089069   15.378506    3.945782    3.964801    3.984601    2.174299    2.719196    7.612496   11.951243  12.824499  11.656197   16.259813   14.036497   13.606195    12.69889
                 r-squared             0.412583       0.501933      0.381116      0.345986      0.321391     0.421485     0.16622    0.180206     0.283053    0.317081    0.028421    0.027082      0.0221    0.005665    0.007548    0.154618    0.376754   0.395536   0.386183    0.354113    0.347783    0.254709    0.219694
                 coefficient           0.778927       1.189346      1.393247      0.785936      1.172685     1.444711    0.472854    0.481277     1.147349    1.348146     0.12155    0.153638    0.141831    0.050477    0.070742    0.242109    0.427191   0.548804   0.447619    2.552233    3.571212    1.206113    1.669931
risk             volatility            0.025972       0.035954      0.048335      0.028617      0.044303      0.04766     0.01701    0.016628      0.03163    0.035114    0.010598    0.013723    0.014024    0.009858    0.011969    0.009031    0.010208   0.012798   0.010564    0.062904    0.088816    0.035051    0.052254
                 sharpe                0.513694       0.262013      0.503877       0.50459      0.581639      0.38566    0.865777     0.51508     1.523057    1.113564    0.954323    1.066907    0.568077   -0.390358    1.200801      0.5694     1.14709   1.128572   1.097825    1.090253    0.941136    1.631043    0.924742
                 drawdown             -0.512095      -0.675294     -0.792369     -0.563349     -0.692483    -0.825892   -0.334337   -0.341838    -0.415717   -0.630003   -0.189989   -0.228833   -0.278795    -0.31048   -0.200968   -0.176431   -0.189703  -0.222967  -0.195863   -0.676087   -0.933862   -0.578234   -0.765603
                 cvar                 -0.058369      -0.081745     -0.099231     -0.065977     -0.082007    -0.100137   -0.037534   -0.036442    -0.064415   -0.072297   -0.023569    -0.03052    -0.02972   -0.021555    -0.02752   -0.019827   -0.022224  -0.028305  -0.022933   -0.109829   -0.151497   -0.070303   -0.099101
                 decorrelation         0.771169       0.771169      0.771169      0.771169      0.771169     0.771169    0.771169    0.771169     0.771169    0.771169    0.771169    0.771169    0.771169    0.771169    0.771169    0.771169    0.771169   0.771169   0.771169    0.771169    0.771169    0.771169    0.771169
                 wiggle                0.029453       0.029453      0.029453      0.029453      0.029453     0.029453    0.029453    0.029453     0.029453    0.029453    0.029453    0.029453    0.029453    0.029453    0.029453    0.029453    0.029453   0.029453   0.029453    0.029453    0.029453    0.029453    0.029453
transform        rank                    1343.0         1394.0        1326.0        1375.0        1347.0       1265.0         NaN         NaN          NaN         NaN         NaN         NaN         NaN         NaN         NaN         NaN         NaN        NaN        NaN         NaN         NaN         NaN         NaN
                 zscore                1.301496       1.739268      1.182577      1.474793       1.05623     0.879805         NaN         NaN          NaN         NaN         NaN         NaN         NaN         NaN         NaN         NaN         NaN        NaN        NaN         NaN         NaN         NaN         NaN
                 winsor                0.034643       0.060951      0.058694      0.043114      0.048417     0.043089         NaN         NaN          NaN         NaN         NaN         NaN         NaN         NaN         NaN         NaN         NaN        NaN        NaN         NaN         NaN         NaN         NaN
                 tanh                  0.034629       0.063044      0.058627      0.043087      0.048379     0.043063         NaN         NaN          NaN         NaN         NaN         NaN         NaN         NaN         NaN         NaN         NaN        NaN        NaN         NaN         NaN         NaN         NaN
                 detrend               0.044359       0.074679      0.071053      0.045982      0.057658     0.052796         NaN         NaN          NaN         NaN         NaN         NaN         NaN         NaN         NaN         NaN         NaN        NaN        NaN         NaN         NaN         NaN         NaN
portfolio        weight                0.043478       0.043478      0.043478      0.043478      0.043478     0.043478    0.043478    0.043478     0.043478    0.043478    0.043478    0.043478    0.043478    0.043478    0.043478    0.043478    0.043478   0.043478   0.043478    0.043478    0.043478    0.043478    0.043478
                 risk_parity           0.031448       0.022717      0.016898      0.028541      0.018436     0.017137    0.048015    0.049119     0.025823     0.02326    0.077064    0.059515    0.058239    0.082852    0.068237    0.090444    0.080014   0.063817   0.077312    0.012984    0.009196    0.023302     0.01563
                 kelly                 1.245942       0.459063      0.656689      1.110749      0.827035      0.50974    3.206178    1.951333     3.033352    1.997705    5.672175    4.897332    2.551674   -2.494415    6.319698     3.97191    7.078949   5.554836   6.546151    1.091809    0.667512    2.931352    1.114808
                 entropy               3.135494       3.135494      3.135494      3.135494      3.135494     3.135494    3.135494    3.135494     3.135494    3.135494    3.135494    3.135494    3.135494    3.135494    3.135494    3.135494    3.135494   3.135494   3.135494    3.135494    3.135494    3.135494    3.135494
market_structure regime                HIGH_VOL       HIGH_VOL      HIGH_VOL      HIGH_VOL      HIGH_VOL     HIGH_VOL    HIGH_VOL    HIGH_VOL     HIGH_VOL    HIGH_VOL    HIGH_VOL    HIGH_VOL    HIGH_VOL    HIGH_VOL    HIGH_VOL    HIGH_VOL    HIGH_VOL   HIGH_VOL   HIGH_VOL    HIGH_VOL    HIGH_VOL    HIGH_VOL    HIGH_VOL
                 liq_adj_vol           0.029262       0.029262      0.029262      0.029262      0.029262     0.029262    0.029262    0.029262     0.029262    0.029262    0.029262    0.029262    0.029262    0.029262    0.029262    0.029262    0.029262   0.029262   0.029262    0.029262    0.029262    0.029262    0.029262
execution        slippage              0.029262       0.029262      0.029262      0.029262      0.029262     0.029262    0.029262    0.029262     0.029262    0.029262    0.029262    0.029262    0.029262    0.029262    0.029262    0.029262    0.029262   0.029262   0.029262    0.029262    0.029262    0.029262    0.029262
                 impact                0.208514       0.208514      0.208514      0.208514      0.208514     0.208514    0.208514    0.208514     0.208514    0.208514    0.208514    0.208514    0.208514    0.208514    0.208514    0.208514    0.208514   0.208514   0.208514    0.208514    0.208514    0.208514    0.208514
                 turnover                   0.0            0.0           0.0           0.0           0.0          0.0         0.0         0.0          0.0         0.0         0.0         0.0         0.0         0.0         0.0         0.0         0.0        0.0        0.0         0.0         0.0         0.0         0.0
intel            ic                   -0.028246      -0.025645     -0.003142     -0.022742     -0.054465     0.017235    0.017792     0.03905    -0.038095   -0.010364   -0.027242   -0.015587   -0.015642   -0.049431    -0.02184   -0.009989   -0.022273  -0.022978  -0.032867    -0.00046    0.005972    0.002727   -0.028477
decision         score                      NaN            NaN           NaN           NaN           NaN          NaN         NaN         NaN          NaN         NaN         NaN         NaN         NaN         NaN         NaN         NaN         NaN        NaN        NaN         NaN         NaN         NaN         NaN
                 signal                    SELL           SELL          SELL          SELL          SELL         SELL        SELL        SELL         SELL        SELL        SELL        SELL        SELL        SELL        SELL        SELL        SELL       SELL       SELL        SELL        SELL        SELL        SELL
[QuantX] CorrelationFallback OK
[ENGINE] Strategies: 16
[ENGINE] Valid strategies: 16
[DASHBOARD] render tab  strategies
[DASHBOARD] render  IntradayStrategy  completed 
[DASHBOARD] render  AlphaStrategy  completed 
[DASHBOARD] render  BetaNeutralStrategy  completed 
[DASHBOARD] render  PairTrading  completed 
[DASHBOARD] render  BreadthStrategy  completed 
[DASHBOARD] render  CorrelationStrategy  completed 
[DASHBOARD] render  DispersionStrategy  completed 
[DASHBOARD] render  VolatilityStrategy  completed 
[DASHBOARD] render  ForecastStrategy  completed 
[DASHBOARD] render  PairTradingFallback  completed 
[DASHBOARD] render  CorrelationFallback  completed 
[DASHBOARD] render tab  momentum
[DASHBOARD] render  UMDMomentum  completed 
[DASHBOARD] render  TimeSeriesMomentum  completed 
[DASHBOARD] render  IndustryMomentumStrategy  completed 
[DASHBOARD] render tab  reversal
[DASHBOARD] render  STREV  completed 
[DASHBOARD] render  IntradayReversal  completed 
[DASHBOARD] render tab  institution
[DASHBOARD] Total tabs :  4
[DASHBOARD] Loading  IntradayStrategy
[DASHBOARD] Loading  AlphaStrategy
[DASHBOARD] Loading  Beta Neutral Strategy (4Y Performance)
[DASHBOARD] Loading  PairTrading
[DASHBOARD] Loading  BreadthStrategy
[DASHBOARD] Loading  CorrelationStrategy
[DASHBOARD] Loading  DispersionStrategy
[DASHBOARD] Loading  VolatilityStrategy
[DASHBOARD] Loading  ForecastStrategy
[DASHBOARD] Loading  PairTradingFallback
[DASHBOARD] Loading  CorrelationFallback
[DASHBOARD] Loading  UMDMomentum
[DASHBOARD] Loading  TimeSeriesMomentum
[DASHBOARD] Loading  IndustryMomentumStrategy
[DASHBOARD] Loading  STREV Mean Reversion (Return=0.00%)
[DASHBOARD] Loading  Intraday Overreaction Reversal

=================================================
[MAIN] SYSTEM SUMMARY
=================================================

Strategies: 16

=================================================
[MAIN] COMPLETE
=================================================

